rms,zcr,spectral_flatness,kurtosis,skewness,file_path,filename
0.09632428,0.009147863418530352,7.192563063071924e-05,4.589446883803898,0.09106178543141884,/Users/yunhwang/Desktop/Stethoscope_Project/Audio shared/Hospital sound_raw segmented into 10 sec/WEBSS002_segmented into 10sec/WEBSS-002 TP 4_seg-2_10s-20s.wav,WEBSS-002 TP 4_seg-2_10s-20s.wav
0.14879172,0.010422386681309905,1.783179501244165e-05,2.8641556553842946,0.01467047943184564,/Users/yunhwang/Desktop/Stethoscope_Project/Audio shared/Hospital sound_raw segmented into 10 sec/WEBSS002_segmented into 10sec/WEBSS-002 TP 2_seg-5_40s-50s.wav,WEBSS-002 TP 2_seg-5_40s-50s.wav
0.11395182,0.010320986421725239,1.4220537238764493e-05,5.212142861151214,0.01726013474903304,/Users/yunhwang/Desktop/Stethoscope_Project/Audio shared/Hospital sound_raw segmented into 10 sec/WEBSS002_segmented into 10sec/WEBSS-002 TP 4_seg-6_50s-60s.wav,WEBSS-002 TP 4_seg-6_50s-60s.wav
0.018509958,0.019518769968051117,3.233237691362691e-05,209.20318437086593,1.3716351001924316,/Users/yunhwang/Desktop/Stethoscope_Project/Audio shared/Hospital sound_raw segmented into 10 sec/WEBSS002_segmented into 10sec/WEBSS-002 TP 2_seg-1_0s-10s.wav,WEBSS-002 TP 2_seg-1_0s-10s.wav
0.17477353,0.0076171875,1.4414430074011444e-05,1.4993843207197362,0.1064417231942886,/Users/yunhwang/Desktop/Stethoscope_Project/Audio shared/Hospital sound_raw segmented into 10 sec/WEBSS002_segmented into 10sec/WEBSS-002 TP 4_seg-7_60s-61.27s.wav,WEBSS-002 TP 4_seg-7_60s-61.27s.wav
0.15471223,0.010358426517571885,5.613850859820752e-05,1.8725352160891333,0.03305356912362932,/Users/yunhwang/Desktop/Stethoscope_Project/Audio shared/Hospital sound_raw segmented into 10 sec/WEBSS002_segmented into 10sec/WEBSS-002 TP 4_seg-3_20s-30s.wav,WEBSS-002 TP 4_seg-3_20s-30s.wav
0.12826535,0.011256988817891373,3.347214949473433e-05,3.2376631481751073,-0.07501280267092068,/Users/yunhwang/Desktop/Stethoscope_Project/Audio shared/Hospital sound_raw segmented into 10 sec/WEBSS002_segmented into 10sec/WEBSS-002 TP 3_seg-5_40s-50s.wav,WEBSS-002 TP 3_seg-5_40s-50s.wav
0.12543103,0.011843550319488819,2.8365877329781195e-05,2.7942943467250805,-4.785966908823438e-05,/Users/yunhwang/Desktop/Stethoscope_Project/Audio shared/Hospital sound_raw segmented into 10 sec/WEBSS002_segmented into 10sec/WEBSS-002 TP 3_seg-6_50s-60s.wav,WEBSS-002 TP 3_seg-6_50s-60s.wav
0.14777175,0.009711024860223643,1.0279658430217386e-05,2.772673448407481,0.06316489534667341,/Users/yunhwang/Desktop/Stethoscope_Project/Audio shared/Hospital sound_raw segmented into 10 sec/WEBSS002_segmented into 10sec/WEBSS-002 TP 2_seg-7_60s-70s.wav,WEBSS-002 TP 2_seg-7_60s-70s.wav
0.13996778,0.011113966557017544,3.4566129134728e-05,2.0978222800546824,0.0036607766908923227,/Users/yunhwang/Desktop/Stethoscope_Project/Audio shared/Hospital sound_raw segmented into 10 sec/WEBSS002_segmented into 10sec/WEBSS-002 TP 3_seg-8_70s-79.09s.wav,WEBSS-002 TP 3_seg-8_70s-79.09s.wav
0.103859834,0.00954878444488818,1.3301380570011841e-05,4.658625321125002,0.0642416239355148,/Users/yunhwang/Desktop/Stethoscope_Project/Audio shared/Hospital sound_raw segmented into 10 sec/WEBSS002_segmented into 10sec/WEBSS-002 TP 3_seg-1_0s-10s.wav,WEBSS-002 TP 3_seg-1_0s-10s.wav
0.06575295,0.010076065794728434,2.232308077375791e-05,10.235199238475825,0.029417966079306183,/Users/yunhwang/Desktop/Stethoscope_Project/Audio shared/Hospital sound_raw segmented into 10 sec/WEBSS002_segmented into 10sec/WEBSS-002 TP 3_seg-2_10s-20s.wav,WEBSS-002 TP 3_seg-2_10s-20s.wav
0.12518357,0.01875904802316294,6.9357278865953575e-06,5.661602711073213,-0.015935785523101997,/Users/yunhwang/Desktop/Stethoscope_Project/Audio shared/Hospital sound_raw segmented into 10 sec/WEBSS002_segmented into 10sec/WEBSS-002 TP 2_seg-3_20s-30s.wav,WEBSS-002 TP 2_seg-3_20s-30s.wav
0.05591398,0.010211786142172524,8.062401034486619e-05,12.881298174056486,0.146174264489565,/Users/yunhwang/Desktop/Stethoscope_Project/Audio shared/Hospital sound_raw segmented into 10 sec/WEBSS002_segmented into 10sec/WEBSS-002 TP 3_seg-7_60s-70s.wav,WEBSS-002 TP 3_seg-7_60s-70s.wav
0.14384694,0.008360061401757189,7.923437693355515e-05,2.905405271826485,0.022646036535176835,/Users/yunhwang/Desktop/Stethoscope_Project/Audio shared/Hospital sound_raw segmented into 10 sec/WEBSS002_segmented into 10sec/WEBSS-002 TP 2_seg-6_50s-60s.wav,WEBSS-002 TP 2_seg-6_50s-60s.wav
0.14924091,0.007784419928115016,0.00010102832889299117,1.8222152887375733,0.13385625789635988,/Users/yunhwang/Desktop/Stethoscope_Project/Audio shared/Hospital sound_raw segmented into 10 sec/WEBSS002_segmented into 10sec/WEBSS-002 TP 4_seg-5_40s-50s.wav,WEBSS-002 TP 4_seg-5_40s-50s.wav
0.11815875,0.010235186202076677,3.940965421540861e-05,2.7967707796427286,-0.02922086075111217,/Users/yunhwang/Desktop/Stethoscope_Project/Audio shared/Hospital sound_raw segmented into 10 sec/WEBSS002_segmented into 10sec/WEBSS-002 TP 3_seg-3_20s-30s.wav,WEBSS-002 TP 3_seg-3_20s-30s.wav
0.10824061,0.016707642771565494,5.6345260362666265e-06,8.61447640638428,0.11693132254706612,/Users/yunhwang/Desktop/Stethoscope_Project/Audio shared/Hospital sound_raw segmented into 10 sec/WEBSS002_segmented into 10sec/WEBSS-002 TP 2_seg-2_10s-20s.wav,WEBSS-002 TP 2_seg-2_10s-20s.wav
0.026534297,0.01255335213658147,8.235965710250982e-06,59.498316644757836,0.6808147704577778,/Users/yunhwang/Desktop/Stethoscope_Project/Audio shared/Hospital sound_raw segmented into 10 sec/WEBSS002_segmented into 10sec/WEBSS-002 TP 2_seg-4_30s-40s.wav,WEBSS-002 TP 2_seg-4_30s-40s.wav
0.13715453,0.011464469349041533,2.7357476185705348e-06,2.929559413923087,0.06773513120541892,/Users/yunhwang/Desktop/Stethoscope_Project/Audio shared/Hospital sound_raw segmented into 10 sec/WEBSS002_segmented into 10sec/WEBSS-002 TP 3_seg-4_30s-40s.wav,WEBSS-002 TP 3_seg-4_30s-40s.wav
0.1627393,0.017263638771186442,0.000159337253941063,3.5255913808629407,0.0814039975955597,/Users/yunhwang/Desktop/Stethoscope_Project/Audio shared/Hospital sound_raw segmented into 10 sec/WEBSS002_segmented into 10sec/WEBSS-002 TP 2_seg-9_80s-81.88s.wav,WEBSS-002 TP 2_seg-9_80s-81.88s.wav
0.12925276,0.007782859924121406,7.28427098218367e-06,2.5440536977647366,0.07386978276046664,/Users/yunhwang/Desktop/Stethoscope_Project/Audio shared/Hospital sound_raw segmented into 10 sec/WEBSS002_segmented into 10sec/WEBSS-002 TP 4_seg-1_0s-10s.wav,WEBSS-002 TP 4_seg-1_0s-10s.wav
0.12363399,0.014715517671725239,2.6175199901041642e-05,4.743327806725187,0.0831566077122264,/Users/yunhwang/Desktop/Stethoscope_Project/Audio shared/Hospital sound_raw segmented into 10 sec/WEBSS002_segmented into 10sec/WEBSS-002 TP 2_seg-8_70s-80s.wav,WEBSS-002 TP 2_seg-8_70s-80s.wav
0.16140768,0.008035580571086262,3.754746649154867e-05,1.7597825408872652,0.055965064670740534,/Users/yunhwang/Desktop/Stethoscope_Project/Audio shared/Hospital sound_raw segmented into 10 sec/WEBSS002_segmented into 10sec/WEBSS-002 TP 4_seg-4_30s-40s.wav,WEBSS-002 TP 4_seg-4_30s-40s.wav
0.17368317,0.019474909855769232,0.00039873748714334934,4.975503246971972,0.36182630764957374,/Users/yunhwang/Desktop/Stethoscope_Project/Audio shared/Hospital sound_raw segmented into 10 sec/WEBSS007_segmented into 10sec/WEBSS-007 TP2_seg-8_70s-70.82s.wav,WEBSS-007 TP2_seg-8_70s-70.82s.wav
0.09163652,0.0163114017571885,1.0788337206459784e-05,7.831114693590365,-0.2989080183616664,/Users/yunhwang/Desktop/Stethoscope_Project/Audio shared/Hospital sound_raw segmented into 10 sec/WEBSS007_segmented into 10sec/WEBSS-007 TP6.2_seg-1_0s-10s.wav,WEBSS-007 TP6.2_seg-1_0s-10s.wav
0.06605617,0.01660468250798722,2.3043309298841626e-06,10.421553740862782,-0.1833194488059599,/Users/yunhwang/Desktop/Stethoscope_Project/Audio shared/Hospital sound_raw segmented into 10 sec/WEBSS007_segmented into 10sec/WEBSS-007 TP6.1_seg-2_10s-20s.wav,WEBSS-007 TP6.1_seg-2_10s-20s.wav
0.10356318,0.014428476936900959,0.00010281137984669297,6.82135040503297,0.05886174480287266,/Users/yunhwang/Desktop/Stethoscope_Project/Audio shared/Hospital sound_raw segmented into 10 sec/WEBSS007_segmented into 10sec/WEBSS-007 TP5_seg-4_30s-40s.wav,WEBSS-007 TP5_seg-4_30s-40s.wav
0.022325277,0.018670127795527156,7.99607224714118e-06,128.71741900548204,-1.6891926194300626,/Users/yunhwang/Desktop/Stethoscope_Project/Audio shared/Hospital sound_raw segmented into 10 sec/WEBSS007_segmented into 10sec/WEBSS-007 TP4_seg-1_0s-10s.wav,WEBSS-007 TP4_seg-1_0s-10s.wav
0.07485575,0.018498527356230032,6.493755686361347e-07,13.74184326565197,0.17148751293276152,/Users/yunhwang/Desktop/Stethoscope_Project/Audio shared/Hospital sound_raw segmented into 10 sec/WEBSS007_segmented into 10sec/WEBSS-007 TP7_seg-8_70s-80s.wav,WEBSS-007 TP7_seg-8_70s-80s.wav
0.08636188,0.023137979233226837,5.5088777326916585e-05,8.412153010269476,0.10309633038839576,/Users/yunhwang/Desktop/Stethoscope_Project/Audio shared/Hospital sound_raw segmented into 10 sec/WEBSS007_segmented into 10sec/WEBSS-007 TP1_seg-4_30s-40s.wav,WEBSS-007 TP1_seg-4_30s-40s.wav
0.07188868,0.01784956569488818,4.42306515220284e-05,10.954971406893133,0.08916231207919548,/Users/yunhwang/Desktop/Stethoscope_Project/Audio shared/Hospital sound_raw segmented into 10 sec/WEBSS007_segmented into 10sec/WEBSS-007 TP4_seg-9_80s-90s.wav,WEBSS-007 TP4_seg-9_80s-90s.wav
0.125555,0.01398174579326923,0.00010625765525198224,5.96304211344202,-0.27052070841381604,/Users/yunhwang/Desktop/Stethoscope_Project/Audio shared/Hospital sound_raw segmented into 10 sec/WEBSS007_segmented into 10sec/WEBSS-007 TP6.1_seg-4_30s-31.65s.wav,WEBSS-007 TP6.1_seg-4_30s-31.65s.wav
0.027239589,0.014707717651757189,1.2553053696787244e-05,113.9620069172905,0.590700915642194,/Users/yunhwang/Desktop/Stethoscope_Project/Audio shared/Hospital sound_raw segmented into 10 sec/WEBSS007_segmented into 10sec/WEBSS-007 TP6.1_seg-3_20s-30s.wav,WEBSS-007 TP6.1_seg-3_20s-30s.wav
0.028616073,0.022630977935303515,1.3644417630202962e-06,135.00018584645832,-0.17667132538514416,/Users/yunhwang/Desktop/Stethoscope_Project/Audio shared/Hospital sound_raw segmented into 10 sec/WEBSS007_segmented into 10sec/WEBSS-007 TP4_seg-4_30s-40s.wav,WEBSS-007 TP4_seg-4_30s-40s.wav
0.097108945,0.027364030051916934,3.0927476804703424e-05,5.873934041158277,-0.401724015757691,/Users/yunhwang/Desktop/Stethoscope_Project/Audio shared/Hospital sound_raw segmented into 10 sec/WEBSS007_segmented into 10sec/WEBSS-007 TP4_seg-8_70s-80s.wav,WEBSS-007 TP4_seg-8_70s-80s.wav
0.1097701,0.029176754692492014,8.801886843834818e-05,5.798395123739436,-0.4759436152377334,/Users/yunhwang/Desktop/Stethoscope_Project/Audio shared/Hospital sound_raw segmented into 10 sec/WEBSS007_segmented into 10sec/WEBSS-007 TP2_seg-4_30s-40s.wav,WEBSS-007 TP2_seg-4_30s-40s.wav
0.07691713,0.02001485123801917,1.0320719824751562e-05,14.89546268914512,-0.1574941985228624,/Users/yunhwang/Desktop/Stethoscope_Project/Audio shared/Hospital sound_raw segmented into 10 sec/WEBSS007_segmented into 10sec/WEBSS-007 TP7_seg-9_80s-90s.wav,WEBSS-007 TP7_seg-9_80s-90s.wav
0.095908605,0.023058419029552715,1.5140531431175146e-05,7.924861882544759,-0.09298265680750535,/Users/yunhwang/Desktop/Stethoscope_Project/Audio shared/Hospital sound_raw segmented into 10 sec/WEBSS007_segmented into 10sec/WEBSS-007 TP1_seg-1_0s-10s.wav,WEBSS-007 TP1_seg-1_0s-10s.wav
0.039807152,0.015607839956070287,6.716038404986563e-05,63.06363905938761,-1.168770421096207,/Users/yunhwang/Desktop/Stethoscope_Project/Audio shared/Hospital sound_raw segmented into 10 sec/WEBSS007_segmented into 10sec/WEBSS-007 TP6.2_seg-3_20s-30s.wav,WEBSS-007 TP6.2_seg-3_20s-30s.wav
0.15836427,0.02388422539893617,0.00013536678907025452,2.837653491279287,0.08575076001573315,/Users/yunhwang/Desktop/Stethoscope_Project/Audio shared/Hospital sound_raw segmented into 10 sec/WEBSS007_segmented into 10sec/WEBSS-007 TP1_seg-8_70s-71.49s.wav,WEBSS-007 TP1_seg-8_70s-71.49s.wav
0.1493775,0.018031529017857144,0.00025759555885673753,3.7556666596013972,0.21688131149736536,/Users/yunhwang/Desktop/Stethoscope_Project/Audio shared/Hospital sound_raw segmented into 10 sec/WEBSS007_segmented into 10sec/WEBSS-007 TP4_seg-10_90s-90.42s.wav,WEBSS-007 TP4_seg-10_90s-90.42s.wav
0.12563296,0.026112906849041533,2.057103253587444e-05,5.158221599969444,0.15017496699298222,/Users/yunhwang/Desktop/Stethoscope_Project/Audio shared/Hospital sound_raw segmented into 10 sec/WEBSS007_segmented into 10sec/WEBSS-007 TP7_seg-4_30s-40s.wav,WEBSS-007 TP7_seg-4_30s-40s.wav
0.08752718,0.016927603334664535,6.800750198671125e-06,9.529680185968191,-0.9778705845687969,/Users/yunhwang/Desktop/Stethoscope_Project/Audio shared/Hospital sound_raw segmented into 10 sec/WEBSS007_segmented into 10sec/WEBSS-007 TP3_seg-4_30s-40s.wav,WEBSS-007 TP3_seg-4_30s-40s.wav
0.08821357,0.013093113518370607,1.1862536043500621e-05,5.673094282293031,-0.2122981408602251,/Users/yunhwang/Desktop/Stethoscope_Project/Audio shared/Hospital sound_raw segmented into 10 sec/WEBSS007_segmented into 10sec/WEBSS-007 TP5_seg-1_0s-10s.wav,WEBSS-007 TP5_seg-1_0s-10s.wav
0.09478668,0.014786973110465116,5.324277760621464e-06,10.226532313566372,-0.5953465155780281,/Users/yunhwang/Desktop/Stethoscope_Project/Audio shared/Hospital sound_raw segmented into 10 sec/WEBSS007_segmented into 10sec/WEBSS-007 TP3_seg-8_70s-76.86s.wav,WEBSS-007 TP3_seg-8_70s-76.86s.wav
0.11392066,0.014643757488019169,4.547283762701033e-05,6.893687600465409,0.03605169770011998,/Users/yunhwang/Desktop/Stethoscope_Project/Audio shared/Hospital sound_raw segmented into 10 sec/WEBSS007_segmented into 10sec/WEBSS-007 TP6.2_seg-2_10s-20s.wav,WEBSS-007 TP6.2_seg-2_10s-20s.wav
0.1248581,0.030293717551916934,3.6695523659957004e-05,4.789618065404501,-0.2825116465787685,/Users/yunhwang/Desktop/Stethoscope_Project/Audio shared/Hospital sound_raw segmented into 10 sec/WEBSS007_segmented into 10sec/WEBSS-007 TP2_seg-1_0s-10s.wav,WEBSS-007 TP2_seg-1_0s-10s.wav
0.13254333,0.02977735623003195,9.51016571429068e-06,4.378452792808084,-0.293789332649053,/Users/yunhwang/Desktop/Stethoscope_Project/Audio shared/Hospital sound_raw segmented into 10 sec/WEBSS007_segmented into 10sec/WEBSS-007 TP2_seg-3_20s-30s.wav,WEBSS-007 TP2_seg-3_20s-30s.wav
0.08848005,0.01618036142172524,5.766983559160702e-05,9.865173847759467,-0.6195366161626386,/Users/yunhwang/Desktop/Stethoscope_Project/Audio shared/Hospital sound_raw segmented into 10 sec/WEBSS007_segmented into 10sec/WEBSS-007 TP3_seg-2_10s-20s.wav,WEBSS-007 TP3_seg-2_10s-20s.wav
0.027162312,0.022337697184504793,6.025194881634753e-06,115.30123900503882,0.11262807970988935,/Users/yunhwang/Desktop/Stethoscope_Project/Audio shared/Hospital sound_raw segmented into 10 sec/WEBSS007_segmented into 10sec/WEBSS-007 TP7_seg-7_60s-70s.wav,WEBSS-007 TP7_seg-7_60s-70s.wav
0.10295201,0.023816580970447285,3.8685580472764995e-05,7.181994259533816,0.49109727089022226,/Users/yunhwang/Desktop/Stethoscope_Project/Audio shared/Hospital sound_raw segmented into 10 sec/WEBSS007_segmented into 10sec/WEBSS-007 TP7_seg-3_20s-30s.wav,WEBSS-007 TP7_seg-3_20s-30s.wav
0.11396658,0.015890200678913738,7.049209673333764e-05,9.054213247138804,-0.6526658472495813,/Users/yunhwang/Desktop/Stethoscope_Project/Audio shared/Hospital sound_raw segmented into 10 sec/WEBSS007_segmented into 10sec/WEBSS-007 TP5_seg-5_40s-50s.wav,WEBSS-007 TP5_seg-5_40s-50s.wav
0.05183217,0.025075504193290736,7.243072007658874e-06,21.211827779073033,0.2720944461405596,/Users/yunhwang/Desktop/Stethoscope_Project/Audio shared/Hospital sound_raw segmented into 10 sec/WEBSS007_segmented into 10sec/WEBSS-007 TP2_seg-7_60s-70s.wav,WEBSS-007 TP2_seg-7_60s-70s.wav
0.11289217,0.016005640974440894,6.2067504109165616e-06,8.718696536430166,-0.7011704890493285,/Users/yunhwang/Desktop/Stethoscope_Project/Audio shared/Hospital sound_raw segmented into 10 sec/WEBSS007_segmented into 10sec/WEBSS-007 TP3_seg-6_50s-60s.wav,WEBSS-007 TP3_seg-6_50s-60s.wav
0.09255794,0.015894880690894567,4.4618197234425365e-05,5.86257763406328,-0.0994319537862441,/Users/yunhwang/Desktop/Stethoscope_Project/Audio shared/Hospital sound_raw segmented into 10 sec/WEBSS007_segmented into 10sec/WEBSS-007 TP6.2_seg-4_30s-40s.wav,WEBSS-007 TP6.2_seg-4_30s-40s.wav
0.088030085,0.028577713158945688,6.850842586814251e-06,7.446199176486802,-0.20037774861109237,/Users/yunhwang/Desktop/Stethoscope_Project/Audio shared/Hospital sound_raw segmented into 10 sec/WEBSS007_segmented into 10sec/WEBSS-007 TP2_seg-2_10s-20s.wav,WEBSS-007 TP2_seg-2_10s-20s.wav
0.09158742,0.01630828174920128,9.435925799619608e-05,9.849314031443923,-0.9068638073567886,/Users/yunhwang/Desktop/Stethoscope_Project/Audio shared/Hospital sound_raw segmented into 10 sec/WEBSS007_segmented into 10sec/WEBSS-007 TP3_seg-3_20s-30s.wav,WEBSS-007 TP3_seg-3_20s-30s.wav
0.13576153,0.018046557418699188,0.00010852145537805755,4.646463664050367,-0.009715021684974661,/Users/yunhwang/Desktop/Stethoscope_Project/Audio shared/Hospital sound_raw segmented into 10 sec/WEBSS007_segmented into 10sec/WEBSS-007 TP7_seg-12_110s-113.92s.wav,WEBSS-007 TP7_seg-12_110s-113.92s.wav
0.10650352,0.020255091853035145,2.616774739942282e-05,4.952353033768051,-0.23906739752631412,/Users/yunhwang/Desktop/Stethoscope_Project/Audio shared/Hospital sound_raw segmented into 10 sec/WEBSS007_segmented into 10sec/WEBSS-007 TP1_seg-5_40s-50s.wav,WEBSS-007 TP1_seg-5_40s-50s.wav
0.11427831,0.018652967751597443,1.563057216104645e-05,7.352157246954993,0.004043764130441738,/Users/yunhwang/Desktop/Stethoscope_Project/Audio shared/Hospital sound_raw segmented into 10 sec/WEBSS007_segmented into 10sec/WEBSS-007 TP7_seg-6_50s-60s.wav,WEBSS-007 TP7_seg-6_50s-60s.wav
0.0632795,0.02002733126996805,4.4178251104291155e-06,11.218705011033252,-0.23118513525606618,/Users/yunhwang/Desktop/Stethoscope_Project/Audio shared/Hospital sound_raw segmented into 10 sec/WEBSS007_segmented into 10sec/WEBSS-007 TP7_seg-2_10s-20s.wav,WEBSS-007 TP7_seg-2_10s-20s.wav
0.12012798,0.01765924520766773,1.3636852460574408e-05,5.510580124158029,-0.4044367961658605,/Users/yunhwang/Desktop/Stethoscope_Project/Audio shared/Hospital sound_raw segmented into 10 sec/WEBSS007_segmented into 10sec/WEBSS-007 TP4_seg-5_40s-50s.wav,WEBSS-007 TP4_seg-5_40s-50s.wav
0.20014478,0.012056790865384616,0.00011469099350695811,4.3203491875101,-0.13488265666726104,/Users/yunhwang/Desktop/Stethoscope_Project/Audio shared/Hospital sound_raw segmented into 10 sec/WEBSS007_segmented into 10sec/WEBSS-007 TP5_seg-8_70s-70.41s.wav,WEBSS-007 TP5_seg-8_70s-70.41s.wav
0.05269281,0.02830939247204473,4.756949965524694e-05,35.41776281429563,0.3016355427708196,/Users/yunhwang/Desktop/Stethoscope_Project/Audio shared/Hospital sound_raw segmented into 10 sec/WEBSS007_segmented into 10sec/WEBSS-007 TP2_seg-6_50s-60s.wav,WEBSS-007 TP2_seg-6_50s-60s.wav
0.10112703,0.015949480830670926,7.054758140229055e-06,8.295568145878148,-0.7108675592695926,/Users/yunhwang/Desktop/Stethoscope_Project/Audio shared/Hospital sound_raw segmented into 10 sec/WEBSS007_segmented into 10sec/WEBSS-007 TP3_seg-7_60s-70s.wav,WEBSS-007 TP3_seg-7_60s-70s.wav
0.1106275,0.018852146192528736,3.670744603595897e-05,7.2759348187481265,-0.10067449476020224,/Users/yunhwang/Desktop/Stethoscope_Project/Audio shared/Hospital sound_raw segmented into 10 sec/WEBSS007_segmented into 10sec/WEBSS-007 TP6.2_seg-5_40s-42.78s.wav,WEBSS-007 TP6.2_seg-5_40s-42.78s.wav
0.07494105,0.024258062100638977,6.303592871563266e-06,21.79160602692076,-0.11912906450607803,/Users/yunhwang/Desktop/Stethoscope_Project/Audio shared/Hospital sound_raw segmented into 10 sec/WEBSS007_segmented into 10sec/WEBSS-007 TP1_seg-2_10s-20s.wav,WEBSS-007 TP1_seg-2_10s-20s.wav
0.099023156,0.015662440095846646,9.245065267495041e-06,6.841357011055562,-0.4057848151668369,/Users/yunhwang/Desktop/Stethoscope_Project/Audio shared/Hospital sound_raw segmented into 10 sec/WEBSS007_segmented into 10sec/WEBSS-007 TP3_seg-1_0s-10s.wav,WEBSS-007 TP3_seg-1_0s-10s.wav
0.03491375,0.017763765475239616,1.8817038989885845e-06,44.37605292094878,0.5946155049608451,/Users/yunhwang/Desktop/Stethoscope_Project/Audio shared/Hospital sound_raw segmented into 10 sec/WEBSS007_segmented into 10sec/WEBSS-007 TP6.1_seg-1_0s-10s.wav,WEBSS-007 TP6.1_seg-1_0s-10s.wav
0.1097614,0.01855624750399361,4.3068284372328584e-05,6.136082994625866,-0.08747578125207911,/Users/yunhwang/Desktop/Stethoscope_Project/Audio shared/Hospital sound_raw segmented into 10 sec/WEBSS007_segmented into 10sec/WEBSS-007 TP7_seg-11_100s-110s.wav,WEBSS-007 TP7_seg-11_100s-110s.wav
0.023102447,0.014019755890575079,1.065673107236175e-05,199.58547682288156,1.0282583957105078,/Users/yunhwang/Desktop/Stethoscope_Project/Audio shared/Hospital sound_raw segmented into 10 sec/WEBSS007_segmented into 10sec/WEBSS-007 TP5_seg-7_60s-70s.wav,WEBSS-007 TP5_seg-7_60s-70s.wav
0.051533118,0.026959989017571885,6.817977309071417e-06,16.04251929839418,-0.5687902194039282,/Users/yunhwang/Desktop/Stethoscope_Project/Audio shared/Hospital sound_raw segmented into 10 sec/WEBSS007_segmented into 10sec/WEBSS-007 TP4_seg-6_50s-60s.wav,WEBSS-007 TP4_seg-6_50s-60s.wav
0.12138954,0.030226637380191695,1.2305734702994437e-05,5.590061893489384,-0.38992107945030835,/Users/yunhwang/Desktop/Stethoscope_Project/Audio shared/Hospital sound_raw segmented into 10 sec/WEBSS007_segmented into 10sec/WEBSS-007 TP2_seg-5_40s-50s.wav,WEBSS-007 TP2_seg-5_40s-50s.wav
0.12905379,0.01646116214057508,1.1025026812930692e-05,7.180170373515708,-0.14805360314163823,/Users/yunhwang/Desktop/Stethoscope_Project/Audio shared/Hospital sound_raw segmented into 10 sec/WEBSS007_segmented into 10sec/WEBSS-007 TP5_seg-3_20s-30s.wav,WEBSS-007 TP5_seg-3_20s-30s.wav
0.039541632,0.01783864566693291,1.9003752128977844e-05,44.9233896526437,-0.6239978590726161,/Users/yunhwang/Desktop/Stethoscope_Project/Audio shared/Hospital sound_raw segmented into 10 sec/WEBSS007_segmented into 10sec/WEBSS-007 TP4_seg-2_10s-20s.wav,WEBSS-007 TP4_seg-2_10s-20s.wav
0.0867045,0.023682420626996804,1.981766274845818e-06,8.063866647337566,0.01367246421548412,/Users/yunhwang/Desktop/Stethoscope_Project/Audio shared/Hospital sound_raw segmented into 10 sec/WEBSS007_segmented into 10sec/WEBSS-007 TP1_seg-6_50s-60s.wav,WEBSS-007 TP1_seg-6_50s-60s.wav
0.13449255,0.02413014177316294,6.839447115734341e-06,3.306322999293842,0.2068633025319063,/Users/yunhwang/Desktop/Stethoscope_Project/Audio shared/Hospital sound_raw segmented into 10 sec/WEBSS007_segmented into 10sec/WEBSS-007 TP7_seg-5_40s-50s.wav,WEBSS-007 TP7_seg-5_40s-50s.wav
0.09803642,0.015882400658945688,2.4059825920605976e-05,7.354448073802679,0.09440759233114109,/Users/yunhwang/Desktop/Stethoscope_Project/Audio shared/Hospital sound_raw segmented into 10 sec/WEBSS007_segmented into 10sec/WEBSS-007 TP7_seg-10_90s-100s.wav,WEBSS-007 TP7_seg-10_90s-100s.wav
0.05930777,0.023981941393769968,1.7826118090833206e-05,10.864972212870127,-0.04260259457051916,/Users/yunhwang/Desktop/Stethoscope_Project/Audio shared/Hospital sound_raw segmented into 10 sec/WEBSS007_segmented into 10sec/WEBSS-007 TP1_seg-3_20s-30s.wav,WEBSS-007 TP1_seg-3_20s-30s.wav
0.04344934,0.014177316293929713,1.7683018198970935e-05,48.77349838591582,-0.24799878010384432,/Users/yunhwang/Desktop/Stethoscope_Project/Audio shared/Hospital sound_raw segmented into 10 sec/WEBSS007_segmented into 10sec/WEBSS-007 TP5_seg-6_50s-60s.wav,WEBSS-007 TP5_seg-6_50s-60s.wav
0.1364801,0.026197147064696485,1.5975306086427433e-05,3.7980694843681295,-0.0661136258050014,/Users/yunhwang/Desktop/Stethoscope_Project/Audio shared/Hospital sound_raw segmented into 10 sec/WEBSS007_segmented into 10sec/WEBSS-007 TP4_seg-7_60s-70s.wav,WEBSS-007 TP4_seg-7_60s-70s.wav
0.10368307,0.015305199181309905,2.883880140764603e-06,7.935440842314714,-0.6739928137569388,/Users/yunhwang/Desktop/Stethoscope_Project/Audio shared/Hospital sound_raw segmented into 10 sec/WEBSS007_segmented into 10sec/WEBSS-007 TP3_seg-5_40s-50s.wav,WEBSS-007 TP3_seg-5_40s-50s.wav
0.076489314,0.039631901457667734,1.487278106816075e-06,14.39065662606735,-0.03580162068349767,/Users/yunhwang/Desktop/Stethoscope_Project/Audio shared/Hospital sound_raw segmented into 10 sec/WEBSS007_segmented into 10sec/WEBSS-007 TP7_seg-1_0s-10s.wav,WEBSS-007 TP7_seg-1_0s-10s.wav
0.023797324,0.015429999500798722,3.881489365949877e-05,207.6600559835793,-2.467040379461991,/Users/yunhwang/Desktop/Stethoscope_Project/Audio shared/Hospital sound_raw segmented into 10 sec/WEBSS007_segmented into 10sec/WEBSS-007 TP5_seg-2_10s-20s.wav,WEBSS-007 TP5_seg-2_10s-20s.wav
0.040298436,0.021454734924121407,2.6097804591949806e-05,79.37155090302593,-0.7341893862885108,/Users/yunhwang/Desktop/Stethoscope_Project/Audio shared/Hospital sound_raw segmented into 10 sec/WEBSS007_segmented into 10sec/WEBSS-007 TP4_seg-3_20s-30s.wav,WEBSS-007 TP4_seg-3_20s-30s.wav
0.07358816,0.023674620607028754,2.797639967071912e-07,8.181814115754742,-0.1270143859351039,/Users/yunhwang/Desktop/Stethoscope_Project/Audio shared/Hospital sound_raw segmented into 10 sec/WEBSS007_segmented into 10sec/WEBSS-007 TP1_seg-7_60s-70s.wav,WEBSS-007 TP1_seg-7_60s-70s.wav
0.19525857,0.016860523162939296,1.688388025667688e-05,2.0183904641309374,0.09565083473457417,/Users/yunhwang/Desktop/Stethoscope_Project/Audio shared/Hospital sound_raw segmented into 10 sec/WEBSS003_segmented into 10sec/WEBSS-003 TP8_seg-20_190s-200s.wav,WEBSS-003 TP8_seg-20_190s-200s.wav
0.16010357,0.022730818190894567,7.5748226758395054e-06,1.9035571989945845,-0.11360525156199387,/Users/yunhwang/Desktop/Stethoscope_Project/Audio shared/Hospital sound_raw segmented into 10 sec/WEBSS003_segmented into 10sec/WEBSS-003 TP8_seg-12_110s-120s.wav,WEBSS-003 TP8_seg-12_110s-120s.wav
0.17657039,0.017119483825878593,4.0949824587255536e-05,2.483131244938286,0.11173969579044948,/Users/yunhwang/Desktop/Stethoscope_Project/Audio shared/Hospital sound_raw segmented into 10 sec/WEBSS003_segmented into 10sec/WEBSS-003 TP8_seg-5_40s-50s.wav,WEBSS-003 TP8_seg-5_40s-50s.wav
0.0645689,0.016422162040734826,1.7513270955002257e-05,16.9040257963465,-0.14785754459222855,/Users/yunhwang/Desktop/Stethoscope_Project/Audio shared/Hospital sound_raw segmented into 10 sec/WEBSS003_segmented into 10sec/WEBSS-003 TP1_seg-1_0s-10s.wav,WEBSS-003 TP1_seg-1_0s-10s.wav
0.065892935,0.015854320587060704,3.133775547373273e-05,8.60400449112951,-0.04426689243065138,/Users/yunhwang/Desktop/Stethoscope_Project/Audio shared/Hospital sound_raw segmented into 10 sec/WEBSS003_segmented into 10sec/WEBSS-003 TP7 _seg-4_30s-40s.wav,WEBSS-003 TP7 _seg-4_30s-40s.wav
0.116633214,0.01401819588658147,5.394332615642416e-05,3.5642292299217333,-0.11694251738575152,/Users/yunhwang/Desktop/Stethoscope_Project/Audio shared/Hospital sound_raw segmented into 10 sec/WEBSS003_segmented into 10sec/WEBSS-003 TP2_seg-4_30s-40s.wav,WEBSS-003 TP2_seg-4_30s-40s.wav
0.054318443,0.018801168130990416,1.7708804786075545e-06,22.771666590470318,-0.47131917455076544,/Users/yunhwang/Desktop/Stethoscope_Project/Audio shared/Hospital sound_raw segmented into 10 sec/WEBSS003_segmented into 10sec/WEBSS-003 TP3 _seg-5_40s-50s.wav,WEBSS-003 TP3 _seg-5_40s-50s.wav
0.19002332,0.01318359375,0.0002999411734818237,1.764075080222824,-0.041619823227267864,/Users/yunhwang/Desktop/Stethoscope_Project/Audio shared/Hospital sound_raw segmented into 10 sec/WEBSS003_segmented into 10sec/WEBSS-003 TP1_seg-7_60s-61.38s.wav,WEBSS-003 TP1_seg-7_60s-61.38s.wav
0.060022496,0.014054075978434504,1.4441349286732937e-05,23.819368933315566,0.2371204079710484,/Users/yunhwang/Desktop/Stethoscope_Project/Audio shared/Hospital sound_raw segmented into 10 sec/WEBSS003_segmented into 10sec/WEBSS-003 TP6_seg-4_30s-40s.wav,WEBSS-003 TP6_seg-4_30s-40s.wav
0.03311956,0.016289561701277957,4.316747510207706e-06,89.73669092650282,2.04718517786,/Users/yunhwang/Desktop/Stethoscope_Project/Audio shared/Hospital sound_raw segmented into 10 sec/WEBSS003_segmented into 10sec/WEBSS-003 TP4 _seg-4_30s-40s.wav,WEBSS-003 TP4 _seg-4_30s-40s.wav
0.22508016,0.010481770833333333,0.0006330483851255873,1.0848440309738043,-0.09540706650645842,/Users/yunhwang/Desktop/Stethoscope_Project/Audio shared/Hospital sound_raw segmented into 10 sec/WEBSS003_segmented into 10sec/WEBSS-003 TP6_seg-9_80s-80.46s.wav,WEBSS-003 TP6_seg-9_80s-80.46s.wav
0.092094794,0.027988031649361023,2.748111285701707e-06,5.476404149647854,0.2595181585107223,/Users/yunhwang/Desktop/Stethoscope_Project/Audio shared/Hospital sound_raw segmented into 10 sec/WEBSS003_segmented into 10sec/WEBSS-003 TP8_seg-21_200s-210s.wav,WEBSS-003 TP8_seg-21_200s-210s.wav
0.062987,0.01625680161741214,9.965674450534628e-06,31.99954786882028,-0.48014783172920156,/Users/yunhwang/Desktop/Stethoscope_Project/Audio shared/Hospital sound_raw segmented into 10 sec/WEBSS003_segmented into 10sec/WEBSS-003 TP3 _seg-2_10s-20s.wav,WEBSS-003 TP3 _seg-2_10s-20s.wav
0.029939365,0.013434754392971246,2.3808571426088515e-05,48.7817677037654,0.9414871436567324,/Users/yunhwang/Desktop/Stethoscope_Project/Audio shared/Hospital sound_raw segmented into 10 sec/WEBSS003_segmented into 10sec/WEBSS-003 TP8_seg-3_20s-30s.wav,WEBSS-003 TP8_seg-3_20s-30s.wav
0.17806849,0.01576852036741214,2.4110109163566635e-05,2.6794013540064583,-0.059588382842310494,/Users/yunhwang/Desktop/Stethoscope_Project/Audio shared/Hospital sound_raw segmented into 10 sec/WEBSS003_segmented into 10sec/WEBSS-003 TP8_seg-13_120s-130s.wav,WEBSS-003 TP8_seg-13_120s-130s.wav
0.04470405,0.012168031150159745,1.7722818794198025e-05,72.70731561858729,0.1604008018094001,/Users/yunhwang/Desktop/Stethoscope_Project/Audio shared/Hospital sound_raw segmented into 10 sec/WEBSS003_segmented into 10sec/WEBSS-003 TP6_seg-8_70s-80s.wav,WEBSS-003 TP6_seg-8_70s-80s.wav
0.17608772,0.013139913638178914,1.615005666432498e-05,2.589676392762015,0.2708165245499368,/Users/yunhwang/Desktop/Stethoscope_Project/Audio shared/Hospital sound_raw segmented into 10 sec/WEBSS003_segmented into 10sec/WEBSS-003 TP8_seg-7_60s-70s.wav,WEBSS-003 TP8_seg-7_60s-70s.wav
0.15518354,0.015575079872204472,7.030840795577005e-07,1.9640543924349192,0.050566802792824966,/Users/yunhwang/Desktop/Stethoscope_Project/Audio shared/Hospital sound_raw segmented into 10 sec/WEBSS003_segmented into 10sec/WEBSS-003 TP3 _seg-3_20s-30s.wav,WEBSS-003 TP3 _seg-3_20s-30s.wav
0.1489464,0.02225813698083067,2.8336920646389478e-05,4.45018493465254,0.14641459334016346,/Users/yunhwang/Desktop/Stethoscope_Project/Audio shared/Hospital sound_raw segmented into 10 sec/WEBSS003_segmented into 10sec/WEBSS-003 TP8_seg-2_10s-20s.wav,WEBSS-003 TP8_seg-2_10s-20s.wav
0.15958865,0.015397239416932907,1.725954892621391e-05,2.7812779702462684,-0.009719868364488357,/Users/yunhwang/Desktop/Stethoscope_Project/Audio shared/Hospital sound_raw segmented into 10 sec/WEBSS003_segmented into 10sec/WEBSS-003 TP8_seg-6_50s-60s.wav,WEBSS-003 TP8_seg-6_50s-60s.wav
0.16911721,0.015069638578274761,1.7662459031572913e-05,2.789432297291701,0.06366124518829748,/Users/yunhwang/Desktop/Stethoscope_Project/Audio shared/Hospital sound_raw segmented into 10 sec/WEBSS003_segmented into 10sec/WEBSS-003 TP8_seg-18_170s-180s.wav,WEBSS-003 TP8_seg-18_170s-180s.wav
0.076324634,0.012467551916932907,3.072271147960276e-05,13.420630158846134,0.298118873467152,/Users/yunhwang/Desktop/Stethoscope_Project/Audio shared/Hospital sound_raw segmented into 10 sec/WEBSS003_segmented into 10sec/WEBSS-003 TP1_seg-4_30s-40s.wav,WEBSS-003 TP1_seg-4_30s-40s.wav
0.16840105,0.016838683107028754,8.422003056021548e-05,2.8857575353777394,-0.007386757536721673,/Users/yunhwang/Desktop/Stethoscope_Project/Audio shared/Hospital sound_raw segmented into 10 sec/WEBSS003_segmented into 10sec/WEBSS-003 TP8_seg-15_140s-150s.wav,WEBSS-003 TP8_seg-15_140s-150s.wav
0.0067481804,0.022877458566293928,3.225849073605352e-05,2738.4794349304157,-31.44020182841624,/Users/yunhwang/Desktop/Stethoscope_Project/Audio shared/Hospital sound_raw segmented into 10 sec/WEBSS003_segmented into 10sec/WEBSS-003 TP8_seg-1_0s-10s.wav,WEBSS-003 TP8_seg-1_0s-10s.wav
0.14456089,0.016642122603833867,1.234618569728385e-05,3.4196989850705304,0.24779676747755797,/Users/yunhwang/Desktop/Stethoscope_Project/Audio shared/Hospital sound_raw segmented into 10 sec/WEBSS003_segmented into 10sec/WEBSS-003 TP8_seg-9_80s-90s.wav,WEBSS-003 TP8_seg-9_80s-90s.wav
0.20299721,0.015770696824596774,7.506526838929923e-05,2.1953597823861895,-0.2836760665274802,/Users/yunhwang/Desktop/Stethoscope_Project/Audio shared/Hospital sound_raw segmented into 10 sec/WEBSS003_segmented into 10sec/WEBSS-003 TP3 _seg-6_50s-53.94s.wav,WEBSS-003 TP3 _seg-6_50s-53.94s.wav
0.108402364,0.02393358126996805,1.9991873547427548e-05,4.639588875307548,-0.03931844015872531,/Users/yunhwang/Desktop/Stethoscope_Project/Audio shared/Hospital sound_raw segmented into 10 sec/WEBSS003_segmented into 10sec/WEBSS-003 TP7 _seg-5_40s-50s.wav,WEBSS-003 TP7 _seg-5_40s-50s.wav
0.15720223,0.021666895467252395,5.383053032625372e-06,3.1212890158437734,0.027065780330199633,/Users/yunhwang/Desktop/Stethoscope_Project/Audio shared/Hospital sound_raw segmented into 10 sec/WEBSS003_segmented into 10sec/WEBSS-003 TP8_seg-4_30s-40s.wav,WEBSS-003 TP8_seg-4_30s-40s.wav
0.15180433,0.020287535244360902,1.8089791175830104e-05,3.128795210414184,0.10631072921232247,/Users/yunhwang/Desktop/Stethoscope_Project/Audio shared/Hospital sound_raw segmented into 10 sec/WEBSS003_segmented into 10sec/WEBSS-003 TP7 _seg-7_60s-64.24s.wav,WEBSS-003 TP7 _seg-7_60s-64.24s.wav
0.076737694,0.01689484325079872,2.8611324682357115e-05,16.661646208812336,0.4924000840578104,/Users/yunhwang/Desktop/Stethoscope_Project/Audio shared/Hospital sound_raw segmented into 10 sec/WEBSS003_segmented into 10sec/WEBSS-003 TP1_seg-6_50s-60s.wav,WEBSS-003 TP1_seg-6_50s-60s.wav
0.17024946,0.014446299563172043,3.28126041281809e-05,1.2649005535991416,0.04574955298386231,/Users/yunhwang/Desktop/Stethoscope_Project/Audio shared/Hospital sound_raw segmented into 10 sec/WEBSS003_segmented into 10sec/WEBSS-003 TP2_seg-5_40s-45.93s.wav,WEBSS-003 TP2_seg-5_40s-45.93s.wav
0.06945532,0.015119558706070287,5.062169596981463e-05,18.729776861894173,0.30367978828889386,/Users/yunhwang/Desktop/Stethoscope_Project/Audio shared/Hospital sound_raw segmented into 10 sec/WEBSS003_segmented into 10sec/WEBSS-003 TP1_seg-2_10s-20s.wav,WEBSS-003 TP1_seg-2_10s-20s.wav
0.20826755,0.016292681709265174,3.954020916943916e-05,2.4790805271757588,0.10702587359984092,/Users/yunhwang/Desktop/Stethoscope_Project/Audio shared/Hospital sound_raw segmented into 10 sec/WEBSS003_segmented into 10sec/WEBSS-003 TP8_seg-19_180s-190s.wav,WEBSS-003 TP8_seg-19_180s-190s.wav
0.11117663,0.020540572583865813,6.235892729871612e-06,2.48364013839966,0.08419536926975316,/Users/yunhwang/Desktop/Stethoscope_Project/Audio shared/Hospital sound_raw segmented into 10 sec/WEBSS003_segmented into 10sec/WEBSS-003 TP8_seg-22_210s-220s.wav,WEBSS-003 TP8_seg-22_210s-220s.wav
0.1719434,0.01388871555511182,2.144004048269822e-05,2.4017148221199465,0.048474868575569714,/Users/yunhwang/Desktop/Stethoscope_Project/Audio shared/Hospital sound_raw segmented into 10 sec/WEBSS003_segmented into 10sec/WEBSS-003 TP8_seg-10_90s-100s.wav,WEBSS-003 TP8_seg-10_90s-100s.wav
0.1920242,0.016089881190095846,4.2988917944984404e-05,2.6761431693481974,0.07198526273678593,/Users/yunhwang/Desktop/Stethoscope_Project/Audio shared/Hospital sound_raw segmented into 10 sec/WEBSS003_segmented into 10sec/WEBSS-003 TP8_seg-16_150s-160s.wav,WEBSS-003 TP8_seg-16_150s-160s.wav
0.06789124,0.012080670926517573,7.076078346662511e-06,22.273449558294303,0.43059047140833745,/Users/yunhwang/Desktop/Stethoscope_Project/Audio shared/Hospital sound_raw segmented into 10 sec/WEBSS003_segmented into 10sec/WEBSS-003 TP6_seg-5_40s-50s.wav,WEBSS-003 TP6_seg-5_40s-50s.wav
0.057181183,0.01667956269968051,1.0037960888354967e-05,25.12104833338076,-0.5937841572750593,/Users/yunhwang/Desktop/Stethoscope_Project/Audio shared/Hospital sound_raw segmented into 10 sec/WEBSS003_segmented into 10sec/WEBSS-003 TP3 _seg-4_30s-40s.wav,WEBSS-003 TP3 _seg-4_30s-40s.wav
0.021146592,0.012475351936900959,4.3681931980972056e-06,114.45534760681892,-1.182789696061804,/Users/yunhwang/Desktop/Stethoscope_Project/Audio shared/Hospital sound_raw segmented into 10 sec/WEBSS003_segmented into 10sec/WEBSS-003 TP4 _seg-5_40s-50s.wav,WEBSS-003 TP4 _seg-5_40s-50s.wav
0.055638134,0.014342676717252397,3.719102725811176e-05,33.345247597926914,0.10791022063337391,/Users/yunhwang/Desktop/Stethoscope_Project/Audio shared/Hospital sound_raw segmented into 10 sec/WEBSS003_segmented into 10sec/WEBSS-003 TP4 _seg-1_0s-10s.wav,WEBSS-003 TP4 _seg-1_0s-10s.wav
0.15135205,0.01869508785942492,8.369531894805783e-06,3.4234067522899734,0.06910985861347431,/Users/yunhwang/Desktop/Stethoscope_Project/Audio shared/Hospital sound_raw segmented into 10 sec/WEBSS003_segmented into 10sec/WEBSS-003 TP8_seg-14_130s-140s.wav,WEBSS-003 TP8_seg-14_130s-140s.wav
0.062542446,0.01471707767571885,1.7596724783917832e-06,16.827745025868566,0.7202987002475209,/Users/yunhwang/Desktop/Stethoscope_Project/Audio shared/Hospital sound_raw segmented into 10 sec/WEBSS003_segmented into 10sec/WEBSS-003 TP1_seg-3_20s-30s.wav,WEBSS-003 TP1_seg-3_20s-30s.wav
0.03547652,0.013804382551115242,1.644498543343768e-05,24.22174992820768,0.37102897159298565,/Users/yunhwang/Desktop/Stethoscope_Project/Audio shared/Hospital sound_raw segmented into 10 sec/WEBSS003_segmented into 10sec/WEBSS-003 TP4 _seg-7_60s-68.58s.wav,WEBSS-003 TP4 _seg-7_60s-68.58s.wav
0.06736987,0.013278753993610224,3.115355825450281e-05,3.8812336322652916,-0.10056499923551884,/Users/yunhwang/Desktop/Stethoscope_Project/Audio shared/Hospital sound_raw segmented into 10 sec/WEBSS003_segmented into 10sec/WEBSS-003 TP4 _seg-6_50s-60s.wav,WEBSS-003 TP4 _seg-6_50s-60s.wav
0.14633657,0.021170734489051095,4.707539314304279e-06,1.5691654758419817,0.0025116593245281247,/Users/yunhwang/Desktop/Stethoscope_Project/Audio shared/Hospital sound_raw segmented into 10 sec/WEBSS003_segmented into 10sec/WEBSS-003 TP8_seg-23_220s-228.76s.wav,WEBSS-003 TP8_seg-23_220s-228.76s.wav
0.11926846,0.01472331769169329,1.898725151840704e-05,1.7136464862526726,0.09419788917877163,/Users/yunhwang/Desktop/Stethoscope_Project/Audio shared/Hospital sound_raw segmented into 10 sec/WEBSS003_segmented into 10sec/WEBSS-003 TP6_seg-2_10s-20s.wav,WEBSS-003 TP6_seg-2_10s-20s.wav
0.19529425,0.01450491713258786,1.3667187423431362e-05,0.8490672144831213,-0.00048540816290008356,/Users/yunhwang/Desktop/Stethoscope_Project/Audio shared/Hospital sound_raw segmented into 10 sec/WEBSS003_segmented into 10sec/WEBSS-003 TP7 _seg-3_20s-30s.wav,WEBSS-003 TP7 _seg-3_20s-30s.wav
0.025536746,0.012490951976837061,9.275869575132494e-06,28.144204477826076,-0.6161070373621307,/Users/yunhwang/Desktop/Stethoscope_Project/Audio shared/Hospital sound_raw segmented into 10 sec/WEBSS003_segmented into 10sec/WEBSS-003 TP7 _seg-1_0s-10s.wav,WEBSS-003 TP7 _seg-1_0s-10s.wav
0.12077951,0.013612594848242811,1.183160512436686e-05,2.5058796351782764,0.02097741487514389,/Users/yunhwang/Desktop/Stethoscope_Project/Audio shared/Hospital sound_raw segmented into 10 sec/WEBSS003_segmented into 10sec/WEBSS-003 TP4 _seg-2_10s-20s.wav,WEBSS-003 TP4 _seg-2_10s-20s.wav
0.07034698,0.014671837559904153,1.114228275937506e-05,17.6719941634286,-0.7081811601654282,/Users/yunhwang/Desktop/Stethoscope_Project/Audio shared/Hospital sound_raw segmented into 10 sec/WEBSS003_segmented into 10sec/WEBSS-003 TP2_seg-3_20s-30s.wav,WEBSS-003 TP2_seg-3_20s-30s.wav
0.047221057,0.014626597444089456,9.911048060799039e-06,50.96240662589002,-1.943856346319224,/Users/yunhwang/Desktop/Stethoscope_Project/Audio shared/Hospital sound_raw segmented into 10 sec/WEBSS003_segmented into 10sec/WEBSS-003 TP2_seg-1_0s-10s.wav,WEBSS-003 TP2_seg-1_0s-10s.wav
0.14828743,0.012670352436102237,1.617378756370965e-05,1.5757749228056026,0.04776306302419021,/Users/yunhwang/Desktop/Stethoscope_Project/Audio shared/Hospital sound_raw segmented into 10 sec/WEBSS003_segmented into 10sec/WEBSS-003 TP6_seg-6_50s-60s.wav,WEBSS-003 TP6_seg-6_50s-60s.wav
0.010631049,0.02008973142971246,1.7177020265368243e-05,886.6161750147822,-13.764293370306866,/Users/yunhwang/Desktop/Stethoscope_Project/Audio shared/Hospital sound_raw segmented into 10 sec/WEBSS003_segmented into 10sec/WEBSS-003 TP8_seg-11_100s-110s.wav,WEBSS-003 TP8_seg-11_100s-110s.wav
0.082978085,0.012483151956869009,2.6598902046844926e-05,12.493102692461761,0.08973564813578837,/Users/yunhwang/Desktop/Stethoscope_Project/Audio shared/Hospital sound_raw segmented into 10 sec/WEBSS003_segmented into 10sec/WEBSS-003 TP6_seg-1_0s-10s.wav,WEBSS-003 TP6_seg-1_0s-10s.wav
0.047211714,0.012246031349840255,5.915847516291204e-05,28.993900622603356,0.35678081884730023,/Users/yunhwang/Desktop/Stethoscope_Project/Audio shared/Hospital sound_raw segmented into 10 sec/WEBSS003_segmented into 10sec/WEBSS-003 TP3 _seg-1_0s-10s.wav,WEBSS-003 TP3 _seg-1_0s-10s.wav
0.06212637,0.01707892372204473,1.1958295442722768e-05,31.298304326443684,0.32471233004565087,/Users/yunhwang/Desktop/Stethoscope_Project/Audio shared/Hospital sound_raw segmented into 10 sec/WEBSS003_segmented into 10sec/WEBSS-003 TP6_seg-3_20s-30s.wav,WEBSS-003 TP6_seg-3_20s-30s.wav
0.1629667,0.022158296725239616,7.700290893347212e-06,1.4763054476378459,0.02884375243014223,/Users/yunhwang/Desktop/Stethoscope_Project/Audio shared/Hospital sound_raw segmented into 10 sec/WEBSS003_segmented into 10sec/WEBSS-003 TP7 _seg-2_10s-20s.wav,WEBSS-003 TP7 _seg-2_10s-20s.wav
0.1913789,0.014467477036741214,4.268015250421055e-05,1.8945861919251863,0.18349447937710495,/Users/yunhwang/Desktop/Stethoscope_Project/Audio shared/Hospital sound_raw segmented into 10 sec/WEBSS003_segmented into 10sec/WEBSS-003 TP8_seg-8_70s-80s.wav,WEBSS-003 TP8_seg-8_70s-80s.wav
0.1071753,0.012996393270766774,2.588247317602898e-05,2.6091872634609734,0.10779132087283114,/Users/yunhwang/Desktop/Stethoscope_Project/Audio shared/Hospital sound_raw segmented into 10 sec/WEBSS003_segmented into 10sec/WEBSS-003 TP4 _seg-3_20s-30s.wav,WEBSS-003 TP4 _seg-3_20s-30s.wav
0.1639313,0.01423503644169329,3.453201037178113e-05,2.4512015412134147,0.06702895297417105,/Users/yunhwang/Desktop/Stethoscope_Project/Audio shared/Hospital sound_raw segmented into 10 sec/WEBSS003_segmented into 10sec/WEBSS-003 TP8_seg-17_160s-170s.wav,WEBSS-003 TP8_seg-17_160s-170s.wav
0.12697236,0.02380878095047923,1.8020640478358836e-05,2.2369242210911997,0.07510476969925692,/Users/yunhwang/Desktop/Stethoscope_Project/Audio shared/Hospital sound_raw segmented into 10 sec/WEBSS003_segmented into 10sec/WEBSS-003 TP7 _seg-6_50s-60s.wav,WEBSS-003 TP7 _seg-6_50s-60s.wav
0.12223854,0.014384796825079873,1.730222506343021e-05,3.2034998795943013,0.11947394542136845,/Users/yunhwang/Desktop/Stethoscope_Project/Audio shared/Hospital sound_raw segmented into 10 sec/WEBSS003_segmented into 10sec/WEBSS-003 TP2_seg-2_10s-20s.wav,WEBSS-003 TP2_seg-2_10s-20s.wav
0.08822828,0.012682832468051118,3.283632963708532e-05,2.0570679327154107,-0.052980200545110594,/Users/yunhwang/Desktop/Stethoscope_Project/Audio shared/Hospital sound_raw segmented into 10 sec/WEBSS003_segmented into 10sec/WEBSS-003 TP6_seg-7_60s-70s.wav,WEBSS-003 TP6_seg-7_60s-70s.wav
0.073027514,0.021019493809904154,2.3086505853987407e-05,11.530023770107142,0.2551822226110709,/Users/yunhwang/Desktop/Stethoscope_Project/Audio shared/Hospital sound_raw segmented into 10 sec/WEBSS003_segmented into 10sec/WEBSS-003 TP1_seg-5_40s-50s.wav,WEBSS-003 TP1_seg-5_40s-50s.wav
0.05460674,0.008494221745207668,4.9471546814697195e-05,21.301796061518782,0.15707377927056987,/Users/yunhwang/Desktop/Stethoscope_Project/Audio shared/Hospital sound_raw segmented into 10 sec/WEBSS006_segmented into 10sec/WEBSS-006 TP1_seg-1_0s-10s.wav,WEBSS-006 TP1_seg-1_0s-10s.wav
0.12327878,0.007650259584664537,0.00010360433401963515,2.435525648476731,0.24705022577059693,/Users/yunhwang/Desktop/Stethoscope_Project/Audio shared/Hospital sound_raw segmented into 10 sec/WEBSS006_segmented into 10sec/WEBSS-006 TP 11.2_seg-3_20s-30s.wav,WEBSS-006 TP 11.2_seg-3_20s-30s.wav
0.10596342,0.016088321186102237,7.246719623250073e-06,3.0213731296600796,0.12383893308626706,/Users/yunhwang/Desktop/Stethoscope_Project/Audio shared/Hospital sound_raw segmented into 10 sec/WEBSS006_segmented into 10sec/WEBSS-006 TP5_seg-5_40s-50s.wav,WEBSS-006 TP5_seg-5_40s-50s.wav
0.0956613,0.007859300119808307,2.152156198517879e-06,5.154803212858445,-0.06905649619548415,/Users/yunhwang/Desktop/Stethoscope_Project/Audio shared/Hospital sound_raw segmented into 10 sec/WEBSS006_segmented into 10sec/WEBSS-006 TP3_seg-6_50s-60s.wav,WEBSS-006 TP3_seg-6_50s-60s.wav
0.050042536,0.014568877296325878,5.60578758001881e-05,47.63509132195561,-0.8717189471815329,/Users/yunhwang/Desktop/Stethoscope_Project/Audio shared/Hospital sound_raw segmented into 10 sec/WEBSS006_segmented into 10sec/WEBSS-006 TP7_seg-3_20s-30s.wav,WEBSS-006 TP7_seg-3_20s-30s.wav
0.116153814,0.007927940295527156,1.4624120742625355e-05,1.9123876290043933,0.2613627192358962,/Users/yunhwang/Desktop/Stethoscope_Project/Audio shared/Hospital sound_raw segmented into 10 sec/WEBSS006_segmented into 10sec/WEBSS-006 TP6_seg-2_10s-20s.wav,WEBSS-006 TP6_seg-2_10s-20s.wav
0.21391612,0.008522727272727272,5.7150055607914507e-05,0.08258817698338605,0.01730124125364657,/Users/yunhwang/Desktop/Stethoscope_Project/Audio shared/Hospital sound_raw segmented into 10 sec/WEBSS006_segmented into 10sec/WEBSS-006 TP 11.2_seg-6_50s-51.03s.wav,WEBSS-006 TP 11.2_seg-6_50s-51.03s.wav
0.039951764,0.01024454622603834,2.2328831863468778e-05,64.15138793601542,-0.8289284286169125,/Users/yunhwang/Desktop/Stethoscope_Project/Audio shared/Hospital sound_raw segmented into 10 sec/WEBSS006_segmented into 10sec/WEBSS-006 TP 10_seg-4_30s-40s.wav,WEBSS-006 TP 10_seg-4_30s-40s.wav
0.07848343,0.008116700778753993,4.662888596111067e-05,8.291784983184874,0.1616689942144706,/Users/yunhwang/Desktop/Stethoscope_Project/Audio shared/Hospital sound_raw segmented into 10 sec/WEBSS006_segmented into 10sec/WEBSS-006 TP6_seg-6_50s-60s.wav,WEBSS-006 TP6_seg-6_50s-60s.wav
0.104330555,0.010384946585463259,1.5210207741131575e-05,3.1658716347421496,-0.12067756019245796,/Users/yunhwang/Desktop/Stethoscope_Project/Audio shared/Hospital sound_raw segmented into 10 sec/WEBSS006_segmented into 10sec/WEBSS-006 TP3_seg-2_10s-20s.wav,WEBSS-006 TP3_seg-2_10s-20s.wav
0.052752882,0.00899966303913738,6.866025961666348e-05,17.627329030492273,-0.9308594454047538,/Users/yunhwang/Desktop/Stethoscope_Project/Audio shared/Hospital sound_raw segmented into 10 sec/WEBSS006_segmented into 10sec/WEBSS-006 TP 11.1_seg-1_0s-10s.wav,WEBSS-006 TP 11.1_seg-1_0s-10s.wav
0.09869081,0.012614192292332268,5.901447581924318e-06,5.296383434991387,0.02830168311799748,/Users/yunhwang/Desktop/Stethoscope_Project/Audio shared/Hospital sound_raw segmented into 10 sec/WEBSS006_segmented into 10sec/WEBSS-006 TP2_seg-3_20s-30s.wav,WEBSS-006 TP2_seg-3_20s-30s.wav
0.08118851,0.005962335263578275,4.817734036617024e-05,6.979560654898695,0.08974776651328803,/Users/yunhwang/Desktop/Stethoscope_Project/Audio shared/Hospital sound_raw segmented into 10 sec/WEBSS006_segmented into 10sec/WEBSS-006 TP 11.2_seg-2_10s-20s.wav,WEBSS-006 TP 11.2_seg-2_10s-20s.wav
0.08383629,0.008335101337859425,4.078276053767305e-05,11.547108605664038,-0.4196485935613979,/Users/yunhwang/Desktop/Stethoscope_Project/Audio shared/Hospital sound_raw segmented into 10 sec/WEBSS006_segmented into 10sec/WEBSS-006 TP4_seg-5_40s-50s.wav,WEBSS-006 TP4_seg-5_40s-50s.wav
0.11045477,0.013144593650159745,3.0469864778576042e-05,5.649820849944174,0.17263831216123235,/Users/yunhwang/Desktop/Stethoscope_Project/Audio shared/Hospital sound_raw segmented into 10 sec/WEBSS006_segmented into 10sec/WEBSS-006 TP2_seg-6_50s-60s.wav,WEBSS-006 TP2_seg-6_50s-60s.wav
0.04387179,0.014979158346645368,8.191662600232248e-05,63.46227529379043,-0.5974129955159438,/Users/yunhwang/Desktop/Stethoscope_Project/Audio shared/Hospital sound_raw segmented into 10 sec/WEBSS006_segmented into 10sec/WEBSS-006 TP7_seg-2_10s-20s.wav,WEBSS-006 TP7_seg-2_10s-20s.wav
0.14032848,0.00837410143769968,2.1742163386656224e-05,1.735437528341726,0.05607786749942527,/Users/yunhwang/Desktop/Stethoscope_Project/Audio shared/Hospital sound_raw segmented into 10 sec/WEBSS006_segmented into 10sec/WEBSS-006 TP6_seg-3_20s-30s.wav,WEBSS-006 TP6_seg-3_20s-30s.wav
0.19214533,0.006202980324074074,0.0006027986024334374,1.5702169443430334,0.0828699277731759,/Users/yunhwang/Desktop/Stethoscope_Project/Audio shared/Hospital sound_raw segmented into 10 sec/WEBSS006_segmented into 10sec/WEBSS-006 TP 10_seg-7_60s-60.85s.wav,WEBSS-006 TP 10_seg-7_60s-60.85s.wav
0.036872692,0.008670502196485623,7.845301748774646e-05,63.98239772519551,-0.735435633979501,/Users/yunhwang/Desktop/Stethoscope_Project/Audio shared/Hospital sound_raw segmented into 10 sec/WEBSS006_segmented into 10sec/WEBSS-006 TP 10_seg-1_0s-10s.wav,WEBSS-006 TP 10_seg-1_0s-10s.wav
0.15663144,0.00990914536741214,3.2367550590299336e-05,2.2817263645152117,0.05988610904384382,/Users/yunhwang/Desktop/Stethoscope_Project/Audio shared/Hospital sound_raw segmented into 10 sec/WEBSS006_segmented into 10sec/WEBSS-006 TP5_seg-1_0s-10s.wav,WEBSS-006 TP5_seg-1_0s-10s.wav
0.083999775,0.007154178314696486,2.4981427497316487e-05,4.675098706632548,-0.07914587554356409,/Users/yunhwang/Desktop/Stethoscope_Project/Audio shared/Hospital sound_raw segmented into 10 sec/WEBSS006_segmented into 10sec/WEBSS-006 TP1_seg-5_40s-50s.wav,WEBSS-006 TP1_seg-5_40s-50s.wav
0.11965338,0.010565907048722045,8.688132520814441e-05,2.7920177722771067,-0.005869191865043272,/Users/yunhwang/Desktop/Stethoscope_Project/Audio shared/Hospital sound_raw segmented into 10 sec/WEBSS006_segmented into 10sec/WEBSS-006 TP7_seg-6_50s-60s.wav,WEBSS-006 TP7_seg-6_50s-60s.wav
0.16608019,0.008196260982428115,2.803771989209947e-05,1.6244520878998454,-0.049163898703717596,/Users/yunhwang/Desktop/Stethoscope_Project/Audio shared/Hospital sound_raw segmented into 10 sec/WEBSS006_segmented into 10sec/WEBSS-006 TP3_seg-3_20s-30s.wav,WEBSS-006 TP3_seg-3_20s-30s.wav
0.11949472,0.01186227036741214,2.010818721590391e-05,4.668186008709695,0.0764446082276967,/Users/yunhwang/Desktop/Stethoscope_Project/Audio shared/Hospital sound_raw segmented into 10 sec/WEBSS006_segmented into 10sec/WEBSS-006 TP2_seg-2_10s-20s.wav,WEBSS-006 TP2_seg-2_10s-20s.wav
0.09959158,0.00619092399691358,0.00043692916672923466,8.12011087922521,-0.3685651694564794,/Users/yunhwang/Desktop/Stethoscope_Project/Audio shared/Hospital sound_raw segmented into 10 sec/WEBSS006_segmented into 10sec/WEBSS-006 TP6_seg-7_60s-62.56s.wav,WEBSS-006 TP6_seg-7_60s-62.56s.wav
0.08433653,0.006987257887380192,9.31433236345401e-05,13.614148024646362,0.5399747355487713,/Users/yunhwang/Desktop/Stethoscope_Project/Audio shared/Hospital sound_raw segmented into 10 sec/WEBSS006_segmented into 10sec/WEBSS-006 TP 11.1_seg-2_10s-20s.wav,WEBSS-006 TP 11.1_seg-2_10s-20s.wav
0.04822731,0.006188535842651758,2.2970109220894707e-05,4.383900628468151,-0.015433150974256337,/Users/yunhwang/Desktop/Stethoscope_Project/Audio shared/Hospital sound_raw segmented into 10 sec/WEBSS006_segmented into 10sec/WEBSS-006 TP 11.2_seg-5_40s-50s.wav,WEBSS-006 TP 11.2_seg-5_40s-50s.wav
0.16736944,0.019869290865384616,0.00011661231937121605,2.0141617127942206,0.2843689430024516,/Users/yunhwang/Desktop/Stethoscope_Project/Audio shared/Hospital sound_raw segmented into 10 sec/WEBSS006_segmented into 10sec/WEBSS-006 TP1_seg-7_60s-60.81s.wav,WEBSS-006 TP1_seg-7_60s-60.81s.wav
0.10982282,0.011016376201923077,7.890011365239368e-05,5.401724348339879,0.19524379833085787,/Users/yunhwang/Desktop/Stethoscope_Project/Audio shared/Hospital sound_raw segmented into 10 sec/WEBSS006_segmented into 10sec/WEBSS-006 TP2_seg-7_60s-64.14s.wav,WEBSS-006 TP2_seg-7_60s-64.14s.wav
0.1482871,0.015406599440894569,1.065752711660278e-05,2.44561623113865,0.07844696482742294,/Users/yunhwang/Desktop/Stethoscope_Project/Audio shared/Hospital sound_raw segmented into 10 sec/WEBSS006_segmented into 10sec/WEBSS-006 TP1_seg-6_50s-60s.wav,WEBSS-006 TP1_seg-6_50s-60s.wav
0.1559204,0.00801842052715655,9.565865547872334e-05,1.5986382839698265,0.04187070932981032,/Users/yunhwang/Desktop/Stethoscope_Project/Audio shared/Hospital sound_raw segmented into 10 sec/WEBSS006_segmented into 10sec/WEBSS-006 TP7_seg-5_40s-50s.wav,WEBSS-006 TP7_seg-5_40s-50s.wav
0.0968263,0.0070855381389776356,1.776684216747568e-05,5.554554648191759,-0.06512678275725353,/Users/yunhwang/Desktop/Stethoscope_Project/Audio shared/Hospital sound_raw segmented into 10 sec/WEBSS006_segmented into 10sec/WEBSS-006 TP8_seg-4_30s-40s.wav,WEBSS-006 TP8_seg-4_30s-40s.wav
0.14265938,0.006913937699680511,3.452029398841893e-07,2.214133484501909,0.07675224629683233,/Users/yunhwang/Desktop/Stethoscope_Project/Audio shared/Hospital sound_raw segmented into 10 sec/WEBSS006_segmented into 10sec/WEBSS-006 TP4_seg-2_10s-20s.wav,WEBSS-006 TP4_seg-2_10s-20s.wav
0.12921374,0.008177540934504792,2.5817927404351794e-05,4.681490499041505,-0.06545073635229509,/Users/yunhwang/Desktop/Stethoscope_Project/Audio shared/Hospital sound_raw segmented into 10 sec/WEBSS006_segmented into 10sec/WEBSS-006 TP5_seg-3_20s-30s.wav,WEBSS-006 TP5_seg-3_20s-30s.wav
0.0775262,0.020191131689297124,3.6939897028128995e-05,10.677024420886038,-0.7937294365119373,/Users/yunhwang/Desktop/Stethoscope_Project/Audio shared/Hospital sound_raw segmented into 10 sec/WEBSS006_segmented into 10sec/WEBSS-006 TP 12_seg-4_30s-40s.wav,WEBSS-006 TP 12_seg-4_30s-40s.wav
0.13864385,0.00516500101461039,4.513961458303892e-05,1.6034703123904661,-0.05777841712960328,/Users/yunhwang/Desktop/Stethoscope_Project/Audio shared/Hospital sound_raw segmented into 10 sec/WEBSS006_segmented into 10sec/WEBSS-006 TP5_seg-7_60s-64.9s.wav,WEBSS-006 TP5_seg-7_60s-64.9s.wav
0.0852293,0.0155390625,4.9328457463176456e-05,8.478679761712092,0.05818294968482862,/Users/yunhwang/Desktop/Stethoscope_Project/Audio shared/Hospital sound_raw segmented into 10 sec/WEBSS006_segmented into 10sec/WEBSS-006 TP 12_seg-7_60s-63.97s.wav,WEBSS-006 TP 12_seg-7_60s-63.97s.wav
0.17523003,0.008556189903846155,1.917335851268472e-06,1.0842255654132416,0.06775380182257974,/Users/yunhwang/Desktop/Stethoscope_Project/Audio shared/Hospital sound_raw segmented into 10 sec/WEBSS006_segmented into 10sec/WEBSS-006 TP8_seg-7_60s-62.07s.wav,WEBSS-006 TP8_seg-7_60s-62.07s.wav
0.13810943,0.00606841553514377,5.390870719159933e-05,2.6809445603254245,0.03501291659517206,/Users/yunhwang/Desktop/Stethoscope_Project/Audio shared/Hospital sound_raw segmented into 10 sec/WEBSS006_segmented into 10sec/WEBSS-006 TP4_seg-6_50s-60s.wav,WEBSS-006 TP4_seg-6_50s-60s.wav
0.1195579,0.011626709764376996,3.9390459925798774e-05,5.986697462028319,0.15777560574263044,/Users/yunhwang/Desktop/Stethoscope_Project/Audio shared/Hospital sound_raw segmented into 10 sec/WEBSS006_segmented into 10sec/WEBSS-006 TP2_seg-5_40s-50s.wav,WEBSS-006 TP2_seg-5_40s-50s.wav
0.11889122,0.006912377695686901,5.978379323217859e-05,2.2969846682656225,-0.011846042008107283,/Users/yunhwang/Desktop/Stethoscope_Project/Audio shared/Hospital sound_raw segmented into 10 sec/WEBSS006_segmented into 10sec/WEBSS-006 TP1_seg-2_10s-20s.wav,WEBSS-006 TP1_seg-2_10s-20s.wav
0.15022524,0.006325816194089457,7.677830585469885e-06,1.5202936798501172,0.14034184317257872,/Users/yunhwang/Desktop/Stethoscope_Project/Audio shared/Hospital sound_raw segmented into 10 sec/WEBSS006_segmented into 10sec/WEBSS-006 TP 11.1_seg-3_20s-30s.wav,WEBSS-006 TP 11.1_seg-3_20s-30s.wav
0.073195755,0.011194588658146964,2.1027937532616218e-05,29.304820465129794,-0.3266134323535818,/Users/yunhwang/Desktop/Stethoscope_Project/Audio shared/Hospital sound_raw segmented into 10 sec/WEBSS006_segmented into 10sec/WEBSS-006 TP6_seg-5_40s-50s.wav,WEBSS-006 TP6_seg-5_40s-50s.wav
0.09198541,0.008402181509584664,4.121085354621774e-05,4.480585593838839,0.19940332570937264,/Users/yunhwang/Desktop/Stethoscope_Project/Audio shared/Hospital sound_raw segmented into 10 sec/WEBSS006_segmented into 10sec/WEBSS-006 TP9_seg-4_30s-40s.wav,WEBSS-006 TP9_seg-4_30s-40s.wav
0.11667851,0.006091815595047924,2.6101355208603097e-06,3.1590343623014316,0.21806600718986355,/Users/yunhwang/Desktop/Stethoscope_Project/Audio shared/Hospital sound_raw segmented into 10 sec/WEBSS006_segmented into 10sec/WEBSS-006 TP4_seg-3_20s-30s.wav,WEBSS-006 TP4_seg-3_20s-30s.wav
0.122966215,0.008842102635782747,1.5143737547934577e-05,2.0324725886088952,0.1187134448779597,/Users/yunhwang/Desktop/Stethoscope_Project/Audio shared/Hospital sound_raw segmented into 10 sec/WEBSS006_segmented into 10sec/WEBSS-006 TP5_seg-2_10s-20s.wav,WEBSS-006 TP5_seg-2_10s-20s.wav
0.09878007,0.007597219448881789,2.161952515737097e-05,3.210698409328817,-0.10195942126443883,/Users/yunhwang/Desktop/Stethoscope_Project/Audio shared/Hospital sound_raw segmented into 10 sec/WEBSS006_segmented into 10sec/WEBSS-006 TP4_seg-1_0s-10s.wav,WEBSS-006 TP4_seg-1_0s-10s.wav
0.09984244,0.007918580271565496,9.818278156978565e-06,7.199898128856857,-0.15709581448197724,/Users/yunhwang/Desktop/Stethoscope_Project/Audio shared/Hospital sound_raw segmented into 10 sec/WEBSS006_segmented into 10sec/WEBSS-006 TP5_seg-6_50s-60s.wav,WEBSS-006 TP5_seg-6_50s-60s.wav
0.13223615,0.008820262579872205,7.212907820427711e-06,2.627659575158119,0.0694926423192972,/Users/yunhwang/Desktop/Stethoscope_Project/Audio shared/Hospital sound_raw segmented into 10 sec/WEBSS006_segmented into 10sec/WEBSS-006 TP3_seg-5_40s-50s.wav,WEBSS-006 TP3_seg-5_40s-50s.wav
0.13762753,0.007701739716453674,1.7768634576183955e-05,1.9262115370271573,-0.040362472868917317,/Users/yunhwang/Desktop/Stethoscope_Project/Audio shared/Hospital sound_raw segmented into 10 sec/WEBSS006_segmented into 10sec/WEBSS-006 TP1_seg-3_20s-30s.wav,WEBSS-006 TP1_seg-3_20s-30s.wav
0.16172236,0.005072906727099237,8.655273689502974e-05,2.6827290095338077,0.5587145177687968,/Users/yunhwang/Desktop/Stethoscope_Project/Audio shared/Hospital sound_raw segmented into 10 sec/WEBSS006_segmented into 10sec/WEBSS-006 TP 11.1_seg-5_40s-44.16s.wav,WEBSS-006 TP 11.1_seg-5_40s-44.16s.wav
0.12532683,0.010896627895367413,2.0882327355307864e-05,2.607014441985977,0.1953761724357868,/Users/yunhwang/Desktop/Stethoscope_Project/Audio shared/Hospital sound_raw segmented into 10 sec/WEBSS006_segmented into 10sec/WEBSS-006 TP9_seg-2_10s-20s.wav,WEBSS-006 TP9_seg-2_10s-20s.wav
0.16056255,0.006344536242012779,3.943158623577539e-05,1.2207278919171474,0.014123013035445872,/Users/yunhwang/Desktop/Stethoscope_Project/Audio shared/Hospital sound_raw segmented into 10 sec/WEBSS006_segmented into 10sec/WEBSS-006 TP8_seg-3_20s-30s.wav,WEBSS-006 TP8_seg-3_20s-30s.wav
0.12149067,0.009325703873801917,1.2985471445742376e-05,2.150145777787074,0.03275900495635452,/Users/yunhwang/Desktop/Stethoscope_Project/Audio shared/Hospital sound_raw segmented into 10 sec/WEBSS006_segmented into 10sec/WEBSS-006 TP8_seg-1_0s-10s.wav,WEBSS-006 TP8_seg-1_0s-10s.wav
0.10845796,0.005445973941693291,1.3850903251519855e-05,2.2116082939131356,0.2921452303701386,/Users/yunhwang/Desktop/Stethoscope_Project/Audio shared/Hospital sound_raw segmented into 10 sec/WEBSS006_segmented into 10sec/WEBSS-006 TP5_seg-4_30s-40s.wav,WEBSS-006 TP5_seg-4_30s-40s.wav
0.073770106,0.012665672424121406,3.870254818701129e-05,18.693012575576688,-0.9916399499902325,/Users/yunhwang/Desktop/Stethoscope_Project/Audio shared/Hospital sound_raw segmented into 10 sec/WEBSS006_segmented into 10sec/WEBSS-006 TP 12_seg-3_20s-30s.wav,WEBSS-006 TP 12_seg-3_20s-30s.wav
0.05091691,0.013425394369009585,2.2767922734556428e-05,26.48486614399881,-0.2679452520643527,/Users/yunhwang/Desktop/Stethoscope_Project/Audio shared/Hospital sound_raw segmented into 10 sec/WEBSS006_segmented into 10sec/WEBSS-006 TP 10_seg-5_40s-50s.wav,WEBSS-006 TP 10_seg-5_40s-50s.wav
0.123829596,0.014211636381789138,3.8342625095939955e-05,3.393803366564108,-0.05333931170237309,/Users/yunhwang/Desktop/Stethoscope_Project/Audio shared/Hospital sound_raw segmented into 10 sec/WEBSS006_segmented into 10sec/WEBSS-006 TP9_seg-6_50s-60s.wav,WEBSS-006 TP9_seg-6_50s-60s.wav
0.13332836,0.006243135982428115,2.4123565621932276e-05,3.225524771424305,0.03662213308326063,/Users/yunhwang/Desktop/Stethoscope_Project/Audio shared/Hospital sound_raw segmented into 10 sec/WEBSS006_segmented into 10sec/WEBSS-006 TP3_seg-1_0s-10s.wav,WEBSS-006 TP3_seg-1_0s-10s.wav
0.120504044,0.012309991513578275,4.030564205564158e-05,3.96547162740847,-0.08464302921288445,/Users/yunhwang/Desktop/Stethoscope_Project/Audio shared/Hospital sound_raw segmented into 10 sec/WEBSS006_segmented into 10sec/WEBSS-006 TP7_seg-1_0s-10s.wav,WEBSS-006 TP7_seg-1_0s-10s.wav
0.10300879,0.01632544179313099,3.2074079212419493e-06,7.030354975460243,-0.6904909359247524,/Users/yunhwang/Desktop/Stethoscope_Project/Audio shared/Hospital sound_raw segmented into 10 sec/WEBSS006_segmented into 10sec/WEBSS-006 TP 12_seg-1_0s-10s.wav,WEBSS-006 TP 12_seg-1_0s-10s.wav
0.07601886,0.01904452875399361,3.634490910486246e-05,15.085605862431617,-0.6034177100665502,/Users/yunhwang/Desktop/Stethoscope_Project/Audio shared/Hospital sound_raw segmented into 10 sec/WEBSS006_segmented into 10sec/WEBSS-006 TP 12_seg-6_50s-60s.wav,WEBSS-006 TP 12_seg-6_50s-60s.wav
0.12971774,0.01066730730830671,4.851599690487167e-05,3.069463623184875,-0.004669662088409202,/Users/yunhwang/Desktop/Stethoscope_Project/Audio shared/Hospital sound_raw segmented into 10 sec/WEBSS006_segmented into 10sec/WEBSS-006 TP 11.1_seg-4_30s-40s.wav,WEBSS-006 TP 11.1_seg-4_30s-40s.wav
0.122362226,0.009662664736421725,5.4643769061775524e-05,2.9392843238089785,0.21354505000664964,/Users/yunhwang/Desktop/Stethoscope_Project/Audio shared/Hospital sound_raw segmented into 10 sec/WEBSS006_segmented into 10sec/WEBSS-006 TP9_seg-3_20s-30s.wav,WEBSS-006 TP9_seg-3_20s-30s.wav
0.17836958,0.007583179412939297,5.550720957111574e-05,1.6261292313604727,0.05865037612502639,/Users/yunhwang/Desktop/Stethoscope_Project/Audio shared/Hospital sound_raw segmented into 10 sec/WEBSS006_segmented into 10sec/WEBSS-006 TP8_seg-2_10s-20s.wav,WEBSS-006 TP8_seg-2_10s-20s.wav
0.08036168,0.011144668530351438,1.2959657510793576e-06,12.583020913026699,-1.0689221452940918,/Users/yunhwang/Desktop/Stethoscope_Project/Audio shared/Hospital sound_raw segmented into 10 sec/WEBSS006_segmented into 10sec/WEBSS-006 TP4_seg-4_30s-40s.wav,WEBSS-006 TP4_seg-4_30s-40s.wav
0.08338785,0.01709140375399361,4.4134829099899556e-05,14.950569018703842,-1.058558265090586,/Users/yunhwang/Desktop/Stethoscope_Project/Audio shared/Hospital sound_raw segmented into 10 sec/WEBSS006_segmented into 10sec/WEBSS-006 TP 12_seg-2_10s-20s.wav,WEBSS-006 TP 12_seg-2_10s-20s.wav
0.07073276,0.006938897763578275,2.4638380728646865e-05,14.232561329356479,-0.40833424493607234,/Users/yunhwang/Desktop/Stethoscope_Project/Audio shared/Hospital sound_raw segmented into 10 sec/WEBSS006_segmented into 10sec/WEBSS-006 TP1_seg-4_30s-40s.wav,WEBSS-006 TP1_seg-4_30s-40s.wav
0.1404001,0.004441331369808307,2.5114132799410442e-05,2.0608229971956895,-0.05808214461822616,/Users/yunhwang/Desktop/Stethoscope_Project/Audio shared/Hospital sound_raw segmented into 10 sec/WEBSS006_segmented into 10sec/WEBSS-006 TP8_seg-6_50s-60s.wav,WEBSS-006 TP8_seg-6_50s-60s.wav
0.06035461,0.00957782451923077,0.0009210374539868301,27.938770396691574,1.2127575138501006,/Users/yunhwang/Desktop/Stethoscope_Project/Audio shared/Hospital sound_raw segmented into 10 sec/WEBSS006_segmented into 10sec/WEBSS-006 TP4_seg-7_60s-60.82s.wav,WEBSS-006 TP4_seg-7_60s-60.82s.wav
0.033966683,0.014838757987220447,2.746583097367283e-05,66.9910020784764,-1.8682423855234778,/Users/yunhwang/Desktop/Stethoscope_Project/Audio shared/Hospital sound_raw segmented into 10 sec/WEBSS006_segmented into 10sec/WEBSS-006 TP9_seg-1_0s-10s.wav,WEBSS-006 TP9_seg-1_0s-10s.wav
0.12945372,0.005363293730031949,6.381983869570951e-05,2.6963582561612176,0.5210168453803997,/Users/yunhwang/Desktop/Stethoscope_Project/Audio shared/Hospital sound_raw segmented into 10 sec/WEBSS006_segmented into 10sec/WEBSS-006 TP 11.2_seg-4_30s-40s.wav,WEBSS-006 TP 11.2_seg-4_30s-40s.wav
0.13889939,0.010689147364217253,5.446260160473313e-05,2.2186311792233457,-0.013097612910536134,/Users/yunhwang/Desktop/Stethoscope_Project/Audio shared/Hospital sound_raw segmented into 10 sec/WEBSS006_segmented into 10sec/WEBSS-006 TP7_seg-4_30s-40s.wav,WEBSS-006 TP7_seg-4_30s-40s.wav
0.09932734,0.007761019868210863,2.1972380689529216e-05,3.1369370641570384,0.2991270152629928,/Users/yunhwang/Desktop/Stethoscope_Project/Audio shared/Hospital sound_raw segmented into 10 sec/WEBSS006_segmented into 10sec/WEBSS-006 TP 11.2_seg-1_0s-10s.wav,WEBSS-006 TP 11.2_seg-1_0s-10s.wav
0.1257083,0.00627901607428115,1.4322052160894645e-05,1.824127146160718,-0.03269333642408162,/Users/yunhwang/Desktop/Stethoscope_Project/Audio shared/Hospital sound_raw segmented into 10 sec/WEBSS006_segmented into 10sec/WEBSS-006 TP8_seg-5_40s-50s.wav,WEBSS-006 TP8_seg-5_40s-50s.wav
0.12000267,0.012545552116613418,9.464694039275552e-06,4.46807449951888,0.16606496541344107,/Users/yunhwang/Desktop/Stethoscope_Project/Audio shared/Hospital sound_raw segmented into 10 sec/WEBSS006_segmented into 10sec/WEBSS-006 TP2_seg-1_0s-10s.wav,WEBSS-006 TP2_seg-1_0s-10s.wav
0.086520866,0.014738917731629393,7.969293926255697e-05,8.345113553851435,-1.0451755803773528,/Users/yunhwang/Desktop/Stethoscope_Project/Audio shared/Hospital sound_raw segmented into 10 sec/WEBSS006_segmented into 10sec/WEBSS-006 TP 10_seg-3_20s-30s.wav,WEBSS-006 TP 10_seg-3_20s-30s.wav
0.07055904,0.01624588158945687,0.00014440251115467514,27.238293762297268,-0.20454628361175403,/Users/yunhwang/Desktop/Stethoscope_Project/Audio shared/Hospital sound_raw segmented into 10 sec/WEBSS006_segmented into 10sec/WEBSS-006 TP 12_seg-5_40s-50s.wav,WEBSS-006 TP 12_seg-5_40s-50s.wav
0.10293798,0.01598848093051118,6.328034993717568e-05,5.979449351015585,0.2441805842639162,/Users/yunhwang/Desktop/Stethoscope_Project/Audio shared/Hospital sound_raw segmented into 10 sec/WEBSS006_segmented into 10sec/WEBSS-006 TP2_seg-4_30s-40s.wav,WEBSS-006 TP2_seg-4_30s-40s.wav
0.08154099,0.011689109924121406,2.834609483631153e-05,7.617677344794936,-0.4418633859524976,/Users/yunhwang/Desktop/Stethoscope_Project/Audio shared/Hospital sound_raw segmented into 10 sec/WEBSS006_segmented into 10sec/WEBSS-006 TP 10_seg-6_50s-60s.wav,WEBSS-006 TP 10_seg-6_50s-60s.wav
0.12663381,0.009564384484824282,1.5040162005131964e-05,2.1521650839064117,0.143420242876674,/Users/yunhwang/Desktop/Stethoscope_Project/Audio shared/Hospital sound_raw segmented into 10 sec/WEBSS006_segmented into 10sec/WEBSS-006 TP6_seg-1_0s-10s.wav,WEBSS-006 TP6_seg-1_0s-10s.wav
0.06829522,0.013277193989616614,2.6657311674538096e-05,14.559193516465236,-0.6236982349374999,/Users/yunhwang/Desktop/Stethoscope_Project/Audio shared/Hospital sound_raw segmented into 10 sec/WEBSS006_segmented into 10sec/WEBSS-006 TP6_seg-4_30s-40s.wav,WEBSS-006 TP6_seg-4_30s-40s.wav
0.15491739,0.0048985635080645165,1.5622509446422606e-05,3.8094156298114124,-0.33788573673512856,/Users/yunhwang/Desktop/Stethoscope_Project/Audio shared/Hospital sound_raw segmented into 10 sec/WEBSS006_segmented into 10sec/WEBSS-006 TP3_seg-7_60s-60.97s.wav,WEBSS-006 TP3_seg-7_60s-60.97s.wav
0.13689174,0.012570512180511181,8.720360932988854e-06,3.0275604693926805,-0.13972076901859992,/Users/yunhwang/Desktop/Stethoscope_Project/Audio shared/Hospital sound_raw segmented into 10 sec/WEBSS006_segmented into 10sec/WEBSS-006 TP9_seg-5_40s-50s.wav,WEBSS-006 TP9_seg-5_40s-50s.wav
0.2878314,0.01739501953125,0.0009356450718123297,-0.24250633254921672,0.05859266737492099,/Users/yunhwang/Desktop/Stethoscope_Project/Audio shared/Hospital sound_raw segmented into 10 sec/WEBSS006_segmented into 10sec/WEBSS-006 TP7_seg-7_60s-60.25s.wav,WEBSS-006 TP7_seg-7_60s-60.25s.wav
0.084387444,0.012614192292332268,4.955879269566299e-05,9.782106871919723,-0.6835943345635267,/Users/yunhwang/Desktop/Stethoscope_Project/Audio shared/Hospital sound_raw segmented into 10 sec/WEBSS006_segmented into 10sec/WEBSS-006 TP 10_seg-2_10s-20s.wav,WEBSS-006 TP 10_seg-2_10s-20s.wav
0.14914367,0.012781943044354838,0.0003017616380800639,3.949210919332482,0.11785301971115247,/Users/yunhwang/Desktop/Stethoscope_Project/Audio shared/Hospital sound_raw segmented into 10 sec/WEBSS006_segmented into 10sec/WEBSS-006 TP9_seg-7_60s-61.96s.wav,WEBSS-006 TP9_seg-7_60s-61.96s.wav
0.06128551,0.009867025259584664,1.2703145427113115e-05,54.95684687581806,-0.3227145926901639,/Users/yunhwang/Desktop/Stethoscope_Project/Audio shared/Hospital sound_raw segmented into 10 sec/WEBSS006_segmented into 10sec/WEBSS-006 TP3_seg-4_30s-40s.wav,WEBSS-006 TP3_seg-4_30s-40s.wav
0.17366898,0.025988106529552715,2.0148022506145918e-05,1.816466327767995,-0.22355024307342292,/Users/yunhwang/Desktop/Stethoscope_Project/Audio shared/Hospital sound_raw segmented into 10 sec/WEBSS005_segmented into 10sec/WEBSS-005 TP1_seg-4_30s-40s.wav,WEBSS-005 TP1_seg-4_30s-40s.wav
0.18987925,0.026694937928082193,3.0112939180234423e-05,1.3844934962019728,-0.21234073063933165,/Users/yunhwang/Desktop/Stethoscope_Project/Audio shared/Hospital sound_raw segmented into 10 sec/WEBSS005_segmented into 10sec/WEBSS-005 TP1_seg-7_60s-62.3s.wav,WEBSS-005 TP1_seg-7_60s-62.3s.wav
0.17691836,0.02008193140974441,1.499133410470505e-05,1.6085566879670692,-0.119978039030187,/Users/yunhwang/Desktop/Stethoscope_Project/Audio shared/Hospital sound_raw segmented into 10 sec/WEBSS005_segmented into 10sec/WEBSS-005 TP6_seg-1_0s-10s.wav,WEBSS-005 TP6_seg-1_0s-10s.wav
0.10918275,0.018311326876996804,5.0057330006730605e-06,4.1882033795829186,-0.47417218445770243,/Users/yunhwang/Desktop/Stethoscope_Project/Audio shared/Hospital sound_raw segmented into 10 sec/WEBSS005_segmented into 10sec/WEBSS-005 TP4_seg-4_30s-40s.wav,WEBSS-005 TP4_seg-4_30s-40s.wav
0.08630008,0.023279939596645368,1.272803432387243e-05,11.628583073224672,-0.057433696449126104,/Users/yunhwang/Desktop/Stethoscope_Project/Audio shared/Hospital sound_raw segmented into 10 sec/WEBSS005_segmented into 10sec/WEBSS-005 TP2_seg-1_0s-10s.wav,WEBSS-005 TP2_seg-1_0s-10s.wav
0.14378756,0.01997767857142857,0.00019922561805094907,3.9150924998047625,0.05172899604931799,/Users/yunhwang/Desktop/Stethoscope_Project/Audio shared/Hospital sound_raw segmented into 10 sec/WEBSS005_segmented into 10sec/WEBSS-005 TP6_seg-7_60s-61.09s.wav,WEBSS-005 TP6_seg-7_60s-61.09s.wav
0.16498125,0.018468887280351436,5.688978149536077e-06,2.8709858691664945,-0.2673316913782998,/Users/yunhwang/Desktop/Stethoscope_Project/Audio shared/Hospital sound_raw segmented into 10 sec/WEBSS005_segmented into 10sec/WEBSS-005 TP5_seg-4_30s-40s.wav,WEBSS-005 TP5_seg-4_30s-40s.wav
0.16068019,0.017955433238636364,0.00013037107244969723,7.801046400623715,-0.07354200043564225,/Users/yunhwang/Desktop/Stethoscope_Project/Audio shared/Hospital sound_raw segmented into 10 sec/WEBSS005_segmented into 10sec/WEBSS-005 TP3_seg-8_70s-70.68s.wav,WEBSS-005 TP3_seg-8_70s-70.68s.wav
0.13667887,0.016380041932907347,2.086091260260043e-05,3.7322256748391203,-0.25545842170378774,/Users/yunhwang/Desktop/Stethoscope_Project/Audio shared/Hospital sound_raw segmented into 10 sec/WEBSS005_segmented into 10sec/WEBSS-005 TP3_seg-4_30s-40s.wav,WEBSS-005 TP3_seg-4_30s-40s.wav
0.13935976,0.017186563997603835,2.170042413540088e-05,2.908889016352326,-0.07443603951353625,/Users/yunhwang/Desktop/Stethoscope_Project/Audio shared/Hospital sound_raw segmented into 10 sec/WEBSS005_segmented into 10sec/WEBSS-005 TP6_seg-4_30s-40s.wav,WEBSS-005 TP6_seg-4_30s-40s.wav
0.08180657,0.022760458266773163,1.4615780752265248e-05,13.57823979019317,-0.7250208254734865,/Users/yunhwang/Desktop/Stethoscope_Project/Audio shared/Hospital sound_raw segmented into 10 sec/WEBSS005_segmented into 10sec/WEBSS-005 TP2_seg-4_30s-40s.wav,WEBSS-005 TP2_seg-4_30s-40s.wav
0.089807965,0.01841272713658147,4.3573364876515786e-05,9.420382879242444,-0.8401887697888256,/Users/yunhwang/Desktop/Stethoscope_Project/Audio shared/Hospital sound_raw segmented into 10 sec/WEBSS005_segmented into 10sec/WEBSS-005 TP3_seg-1_0s-10s.wav,WEBSS-005 TP3_seg-1_0s-10s.wav
0.09348117,0.015921400758785943,2.024452927137998e-05,4.164948426726501,-0.3103475790865141,/Users/yunhwang/Desktop/Stethoscope_Project/Audio shared/Hospital sound_raw segmented into 10 sec/WEBSS005_segmented into 10sec/WEBSS-005 TP3_seg-3_20s-30s.wav,WEBSS-005 TP3_seg-3_20s-30s.wav
0.110045485,0.0235747803514377,2.819050745875042e-05,7.366422041513303,-0.5243415043197787,/Users/yunhwang/Desktop/Stethoscope_Project/Audio shared/Hospital sound_raw segmented into 10 sec/WEBSS005_segmented into 10sec/WEBSS-005 TP2_seg-2_10s-20s.wav,WEBSS-005 TP2_seg-2_10s-20s.wav
0.12821633,0.027800831170127795,4.545691104351276e-06,1.8531230176719822,-0.12623984329862792,/Users/yunhwang/Desktop/Stethoscope_Project/Audio shared/Hospital sound_raw segmented into 10 sec/WEBSS005_segmented into 10sec/WEBSS-005 TP1_seg-5_40s-50s.wav,WEBSS-005 TP1_seg-5_40s-50s.wav
0.061581552,0.01841896715255591,2.8261563468010932e-06,19.561698693601496,-0.20791084636887694,/Users/yunhwang/Desktop/Stethoscope_Project/Audio shared/Hospital sound_raw segmented into 10 sec/WEBSS005_segmented into 10sec/WEBSS-005 TP4_seg-1_0s-10s.wav,WEBSS-005 TP4_seg-1_0s-10s.wav
0.12077863,0.020055411341853034,6.51586117274345e-05,2.5633564716030977,-0.2202982019827167,/Users/yunhwang/Desktop/Stethoscope_Project/Audio shared/Hospital sound_raw segmented into 10 sec/WEBSS005_segmented into 10sec/WEBSS-005 TP6_seg-3_20s-30s.wav,WEBSS-005 TP6_seg-3_20s-30s.wav
0.11471075,0.015497079672523962,4.7329664643175214e-05,5.207605981484797,-0.1979788412263568,/Users/yunhwang/Desktop/Stethoscope_Project/Audio shared/Hospital sound_raw segmented into 10 sec/WEBSS005_segmented into 10sec/WEBSS-005 TP3_seg-7_60s-70s.wav,WEBSS-005 TP3_seg-7_60s-70s.wav
0.15169394,0.023409419928115016,2.0988843201694e-05,1.7211512505883624,-0.031788883436921864,/Users/yunhwang/Desktop/Stethoscope_Project/Audio shared/Hospital sound_raw segmented into 10 sec/WEBSS005_segmented into 10sec/WEBSS-005 TP2_seg-6_50s-60s.wav,WEBSS-005 TP2_seg-6_50s-60s.wav
0.103080384,0.019033608726038338,1.8588296084511234e-05,5.415308386764105,-0.8213109267946239,/Users/yunhwang/Desktop/Stethoscope_Project/Audio shared/Hospital sound_raw segmented into 10 sec/WEBSS005_segmented into 10sec/WEBSS-005 TP4_seg-5_40s-50s.wav,WEBSS-005 TP4_seg-5_40s-50s.wav
0.101907775,0.0183565669928115,8.706719212889485e-07,7.694395292855388,-0.6079285278026434,/Users/yunhwang/Desktop/Stethoscope_Project/Audio shared/Hospital sound_raw segmented into 10 sec/WEBSS005_segmented into 10sec/WEBSS-005 TP3_seg-2_10s-20s.wav,WEBSS-005 TP3_seg-2_10s-20s.wav
0.12379268,0.027240789736421724,2.3883383580608748e-05,4.542535835436908,-0.6701794816869693,/Users/yunhwang/Desktop/Stethoscope_Project/Audio shared/Hospital sound_raw segmented into 10 sec/WEBSS005_segmented into 10sec/WEBSS-005 TP2_seg-3_20s-30s.wav,WEBSS-005 TP2_seg-3_20s-30s.wav
0.16128366,0.017800071022727272,1.4518903202518345e-05,3.294135634558323,-0.20084388133713454,/Users/yunhwang/Desktop/Stethoscope_Project/Audio shared/Hospital sound_raw segmented into 10 sec/WEBSS005_segmented into 10sec/WEBSS-005 TP5_seg-7_60s-61.38s.wav,WEBSS-005 TP5_seg-7_60s-61.38s.wav
0.11351008,0.016573482428115016,4.7137278293931e-05,7.107528310041927,-0.598112469856934,/Users/yunhwang/Desktop/Stethoscope_Project/Audio shared/Hospital sound_raw segmented into 10 sec/WEBSS005_segmented into 10sec/WEBSS-005 TP6_seg-6_50s-60s.wav,WEBSS-005 TP6_seg-6_50s-60s.wav
0.17764841,0.018537527456070287,1.881647945676049e-05,1.663286707937143,-0.06457315772668944,/Users/yunhwang/Desktop/Stethoscope_Project/Audio shared/Hospital sound_raw segmented into 10 sec/WEBSS005_segmented into 10sec/WEBSS-005 TP6_seg-2_10s-20s.wav,WEBSS-005 TP6_seg-2_10s-20s.wav
0.12617055,0.01597756090255591,6.51477867267352e-05,5.327752236662301,-0.32289774038825064,/Users/yunhwang/Desktop/Stethoscope_Project/Audio shared/Hospital sound_raw segmented into 10 sec/WEBSS005_segmented into 10sec/WEBSS-005 TP3_seg-6_50s-60s.wav,WEBSS-005 TP3_seg-6_50s-60s.wav
0.15164703,0.022978858825878593,1.6844377416806036e-06,1.7498665512186182,0.0023966220718166877,/Users/yunhwang/Desktop/Stethoscope_Project/Audio shared/Hospital sound_raw segmented into 10 sec/WEBSS005_segmented into 10sec/WEBSS-005 TP2_seg-7_60s-70s.wav,WEBSS-005 TP2_seg-7_60s-70s.wav
0.1831114,0.019188049121405752,3.125203142803555e-05,1.9348438426862353,-0.22417552270149346,/Users/yunhwang/Desktop/Stethoscope_Project/Audio shared/Hospital sound_raw segmented into 10 sec/WEBSS005_segmented into 10sec/WEBSS-005 TP5_seg-5_40s-50s.wav,WEBSS-005 TP5_seg-5_40s-50s.wav
0.18929586,0.02388892983490566,0.00012087121648139645,1.3871296056777709,0.06211777003676617,/Users/yunhwang/Desktop/Stethoscope_Project/Audio shared/Hospital sound_raw segmented into 10 sec/WEBSS005_segmented into 10sec/WEBSS-005 TP2_seg-8_70s-71.67s.wav,WEBSS-005 TP2_seg-8_70s-71.67s.wav
0.16729271,0.01758592501996805,1.1256002480944639e-05,2.1925635828818804,-0.1783688670729697,/Users/yunhwang/Desktop/Stethoscope_Project/Audio shared/Hospital sound_raw segmented into 10 sec/WEBSS005_segmented into 10sec/WEBSS-005 TP5_seg-1_0s-10s.wav,WEBSS-005 TP5_seg-1_0s-10s.wav
0.13451938,0.027098829373003196,5.009414380042757e-06,2.1411827461429374,-0.19055761997872842,/Users/yunhwang/Desktop/Stethoscope_Project/Audio shared/Hospital sound_raw segmented into 10 sec/WEBSS005_segmented into 10sec/WEBSS-005 TP1_seg-3_20s-30s.wav,WEBSS-005 TP1_seg-3_20s-30s.wav
0.13981003,0.01603528105031949,8.230903775993376e-06,4.0567318053328005,-0.2042501519302279,/Users/yunhwang/Desktop/Stethoscope_Project/Audio shared/Hospital sound_raw segmented into 10 sec/WEBSS005_segmented into 10sec/WEBSS-005 TP3_seg-5_40s-50s.wav,WEBSS-005 TP3_seg-5_40s-50s.wav
0.1659355,0.018596807607827476,5.36582844869548e-06,2.7132363491386498,-0.19813184798434155,/Users/yunhwang/Desktop/Stethoscope_Project/Audio shared/Hospital sound_raw segmented into 10 sec/WEBSS005_segmented into 10sec/WEBSS-005 TP5_seg-6_50s-60s.wav,WEBSS-005 TP5_seg-6_50s-60s.wav
0.09073588,0.019145929013578276,4.923961235425217e-07,5.728396295761993,-0.6931246308276142,/Users/yunhwang/Desktop/Stethoscope_Project/Audio shared/Hospital sound_raw segmented into 10 sec/WEBSS005_segmented into 10sec/WEBSS-005 TP4_seg-3_20s-30s.wav,WEBSS-005 TP4_seg-3_20s-30s.wav
0.18112555,0.019470409844249203,4.5775516041771314e-05,1.914759810077669,-0.21500992542551234,/Users/yunhwang/Desktop/Stethoscope_Project/Audio shared/Hospital sound_raw segmented into 10 sec/WEBSS005_segmented into 10sec/WEBSS-005 TP5_seg-2_10s-20s.wav,WEBSS-005 TP5_seg-2_10s-20s.wav
0.101725996,0.014866838059105431,5.5402377403791176e-06,8.343348049407593,-0.2915094867699363,/Users/yunhwang/Desktop/Stethoscope_Project/Audio shared/Hospital sound_raw segmented into 10 sec/WEBSS005_segmented into 10sec/WEBSS-005 TP6_seg-5_40s-50s.wav,WEBSS-005 TP6_seg-5_40s-50s.wav
0.111637086,0.016718474911971832,0.0004698449253490274,9.761245785145698,-0.1645931968058901,/Users/yunhwang/Desktop/Stethoscope_Project/Audio shared/Hospital sound_raw segmented into 10 sec/WEBSS005_segmented into 10sec/WEBSS-005 TP4_seg-7_60s-62.25s.wav,WEBSS-005 TP4_seg-7_60s-62.25s.wav
0.14891535,0.025807146066293928,2.398255928359999e-05,1.845844097698456,-0.11532801398981099,/Users/yunhwang/Desktop/Stethoscope_Project/Audio shared/Hospital sound_raw segmented into 10 sec/WEBSS005_segmented into 10sec/WEBSS-005 TP1_seg-2_10s-20s.wav,WEBSS-005 TP1_seg-2_10s-20s.wav
0.07869665,0.01870600788738019,7.150936875828852e-06,17.64524722397867,-0.8042909296779531,/Users/yunhwang/Desktop/Stethoscope_Project/Audio shared/Hospital sound_raw segmented into 10 sec/WEBSS005_segmented into 10sec/WEBSS-005 TP2_seg-5_40s-50s.wav,WEBSS-005 TP2_seg-5_40s-50s.wav
0.10948854,0.01861396765175719,6.14897726560106e-05,5.407604413238754,-0.4275240247263282,/Users/yunhwang/Desktop/Stethoscope_Project/Audio shared/Hospital sound_raw segmented into 10 sec/WEBSS005_segmented into 10sec/WEBSS-005 TP4_seg-6_50s-60s.wav,WEBSS-005 TP4_seg-6_50s-60s.wav
0.080257416,0.01743616463658147,7.726966482549496e-07,6.50613687099472,-0.6848055796436119,/Users/yunhwang/Desktop/Stethoscope_Project/Audio shared/Hospital sound_raw segmented into 10 sec/WEBSS005_segmented into 10sec/WEBSS-005 TP4_seg-2_10s-20s.wav,WEBSS-005 TP4_seg-2_10s-20s.wav
0.17704101,0.02007413138977636,8.862753976849756e-06,2.0683558699114224,-0.1713297997038842,/Users/yunhwang/Desktop/Stethoscope_Project/Audio shared/Hospital sound_raw segmented into 10 sec/WEBSS005_segmented into 10sec/WEBSS-005 TP5_seg-3_20s-30s.wav,WEBSS-005 TP5_seg-3_20s-30s.wav
0.14696199,0.02694438897763578,4.697887087998687e-05,2.832741773252244,-0.17257481401445784,/Users/yunhwang/Desktop/Stethoscope_Project/Audio shared/Hospital sound_raw segmented into 10 sec/WEBSS005_segmented into 10sec/WEBSS-005 TP1_seg-6_50s-60s.wav,WEBSS-005 TP1_seg-6_50s-60s.wav
0.12356709,0.02858083316693291,2.3719551997644785e-05,2.224137334011223,-0.027429899370306963,/Users/yunhwang/Desktop/Stethoscope_Project/Audio shared/Hospital sound_raw segmented into 10 sec/WEBSS005_segmented into 10sec/WEBSS-005 TP1_seg-1_0s-10s.wav,WEBSS-005 TP1_seg-1_0s-10s.wav
0.1010174,0.0077890999400958465,6.27536899640829e-05,12.407322871896707,-1.0818325822218058,/Users/yunhwang/Desktop/Stethoscope_Project/Audio shared/Hospital sound_raw segmented into 10 sec/WEBSS004_segmented into 10sec/WEBSS-004 TP2_seg-6_50s-60s.wav,WEBSS-004 TP2_seg-6_50s-60s.wav
0.103347816,0.010707867412140575,1.3347765576996603e-06,13.2853918892426,-1.0270714597922042,/Users/yunhwang/Desktop/Stethoscope_Project/Audio shared/Hospital sound_raw segmented into 10 sec/WEBSS004_segmented into 10sec/WEBSS-004 TP3_seg-7_60s-70s.wav,WEBSS-004 TP3_seg-7_60s-70s.wav
0.073317945,0.010052665734824282,7.049547640512629e-06,16.404695955351905,-0.12762065756282318,/Users/yunhwang/Desktop/Stethoscope_Project/Audio shared/Hospital sound_raw segmented into 10 sec/WEBSS004_segmented into 10sec/WEBSS-004 TP4_seg-5_40s-50s.wav,WEBSS-004 TP4_seg-5_40s-50s.wav
0.1310552,0.013509114583333334,8.760208084968157e-05,7.6651197048339625,-0.8393060401757764,/Users/yunhwang/Desktop/Stethoscope_Project/Audio shared/Hospital sound_raw segmented into 10 sec/WEBSS004_segmented into 10sec/WEBSS-004 TP2_seg-10_90s-90.46s.wav,WEBSS-004 TP2_seg-10_90s-90.46s.wav
0.11394764,0.004905007102272727,0.0012160901439320084,9.093933439378308,0.08401443988821881,/Users/yunhwang/Desktop/Stethoscope_Project/Audio shared/Hospital sound_raw segmented into 10 sec/WEBSS004_segmented into 10sec/WEBSS-004 TP5_seg-10_90s-90.69s.wav,WEBSS-004 TP5_seg-10_90s-90.69s.wav
0.14571764,0.01855000748801917,2.717480044730311e-05,4.864169705450252,-0.0747539346194334,/Users/yunhwang/Desktop/Stethoscope_Project/Audio shared/Hospital sound_raw segmented into 10 sec/WEBSS004_segmented into 10sec/WEBSS-004 TP1_seg-5_40s-50s.wav,WEBSS-004 TP1_seg-5_40s-50s.wav
0.10503043,0.010052849264705883,0.0006062305084924425,13.28313589992117,-0.6002959313290019,/Users/yunhwang/Desktop/Stethoscope_Project/Audio shared/Hospital sound_raw segmented into 10 sec/WEBSS004_segmented into 10sec/WEBSS-004 TP4_seg-7_60s-62.7s.wav,WEBSS-004 TP4_seg-7_60s-62.7s.wav
0.110660225,0.00760501946884984,2.536004513985866e-06,10.400885048670963,-0.919235979030183,/Users/yunhwang/Desktop/Stethoscope_Project/Audio shared/Hospital sound_raw segmented into 10 sec/WEBSS004_segmented into 10sec/WEBSS-004 TP2_seg-2_10s-20s.wav,WEBSS-004 TP2_seg-2_10s-20s.wav
0.12100308,0.009898225339456869,0.00012471662736175811,10.972502693986522,-0.8783276419291017,/Users/yunhwang/Desktop/Stethoscope_Project/Audio shared/Hospital sound_raw segmented into 10 sec/WEBSS004_segmented into 10sec/WEBSS-004 TP3_seg-3_20s-30s.wav,WEBSS-004 TP3_seg-3_20s-30s.wav
0.107325435,0.008009060503194889,1.0553304354330882e-06,10.164873856448157,-0.9976851463562958,/Users/yunhwang/Desktop/Stethoscope_Project/Audio shared/Hospital sound_raw segmented into 10 sec/WEBSS004_segmented into 10sec/WEBSS-004 TP2_seg-7_60s-70s.wav,WEBSS-004 TP2_seg-7_60s-70s.wav
0.10586916,0.010277306309904153,4.410899121435699e-05,13.736159016962805,-1.1783516777259915,/Users/yunhwang/Desktop/Stethoscope_Project/Audio shared/Hospital sound_raw segmented into 10 sec/WEBSS004_segmented into 10sec/WEBSS-004 TP3_seg-6_50s-60s.wav,WEBSS-004 TP3_seg-6_50s-60s.wav
0.10279427,0.006459976537539936,2.6899897858824854e-05,9.131172767099207,-0.7515842113514641,/Users/yunhwang/Desktop/Stethoscope_Project/Audio shared/Hospital sound_raw segmented into 10 sec/WEBSS004_segmented into 10sec/WEBSS-004 TP5_seg-5_40s-50s.wav,WEBSS-004 TP5_seg-5_40s-50s.wav
0.096843146,0.008611222044728434,1.6116599921374855e-05,15.038021145852252,-1.0796768867127613,/Users/yunhwang/Desktop/Stethoscope_Project/Audio shared/Hospital sound_raw segmented into 10 sec/WEBSS004_segmented into 10sec/WEBSS-004 TP3_seg-11_100s-110s.wav,WEBSS-004 TP3_seg-11_100s-110s.wav
0.09304643,0.008639302116613418,4.079754807857665e-06,14.048018061852872,-1.2222203592213792,/Users/yunhwang/Desktop/Stethoscope_Project/Audio shared/Hospital sound_raw segmented into 10 sec/WEBSS004_segmented into 10sec/WEBSS-004 TP3_seg-1_0s-10s.wav,WEBSS-004 TP3_seg-1_0s-10s.wav
0.10624551,0.007644019568690096,4.7253848400584535e-06,11.498001212035412,-1.045782227773045,/Users/yunhwang/Desktop/Stethoscope_Project/Audio shared/Hospital sound_raw segmented into 10 sec/WEBSS004_segmented into 10sec/WEBSS-004 TP2_seg-3_20s-30s.wav,WEBSS-004 TP2_seg-3_20s-30s.wav
0.08807016,0.009497304313099041,6.391275486224394e-06,12.925744266790261,-1.1280870717078824,/Users/yunhwang/Desktop/Stethoscope_Project/Audio shared/Hospital sound_raw segmented into 10 sec/WEBSS004_segmented into 10sec/WEBSS-004 TP3_seg-2_10s-20s.wav,WEBSS-004 TP3_seg-2_10s-20s.wav
0.11433576,0.006714257188498402,8.231406200849736e-05,8.732140756891683,-0.5510630833053712,/Users/yunhwang/Desktop/Stethoscope_Project/Audio shared/Hospital sound_raw segmented into 10 sec/WEBSS004_segmented into 10sec/WEBSS-004 TP5_seg-2_10s-20s.wav,WEBSS-004 TP5_seg-2_10s-20s.wav
0.09803508,0.007644019568690096,3.2706025380616854e-05,13.082724591861236,-0.9480279214709465,/Users/yunhwang/Desktop/Stethoscope_Project/Audio shared/Hospital sound_raw segmented into 10 sec/WEBSS004_segmented into 10sec/WEBSS-004 TP4_seg-3_20s-30s.wav,WEBSS-004 TP4_seg-3_20s-30s.wav
0.11051017,0.010015225638977636,1.0353514148004315e-05,12.434564544049833,-1.1041722794683595,/Users/yunhwang/Desktop/Stethoscope_Project/Audio shared/Hospital sound_raw segmented into 10 sec/WEBSS004_segmented into 10sec/WEBSS-004 TP3_seg-5_40s-50s.wav,WEBSS-004 TP3_seg-5_40s-50s.wav
0.09414885,0.00648805660942492,6.4940409331100975e-06,9.348534717976781,-0.6185856938311048,/Users/yunhwang/Desktop/Stethoscope_Project/Audio shared/Hospital sound_raw segmented into 10 sec/WEBSS004_segmented into 10sec/WEBSS-004 TP5_seg-6_50s-60s.wav,WEBSS-004 TP5_seg-6_50s-60s.wav
0.12624569,0.016848043130990416,2.7387760129091206e-06,11.084845867618084,-0.11731353845192975,/Users/yunhwang/Desktop/Stethoscope_Project/Audio shared/Hospital sound_raw segmented into 10 sec/WEBSS004_segmented into 10sec/WEBSS-004 TP1_seg-3_20s-30s.wav,WEBSS-004 TP1_seg-3_20s-30s.wav
0.06467566,0.011393229166666666,3.50755974348506e-05,28.25132956329868,-0.1848962659821979,/Users/yunhwang/Desktop/Stethoscope_Project/Audio shared/Hospital sound_raw segmented into 10 sec/WEBSS004_segmented into 10sec/WEBSS-004 TP1_seg-7_60s-64.6s.wav,WEBSS-004 TP1_seg-7_60s-64.6s.wav
0.110958755,0.01714912390175719,4.0828809911941674e-05,8.782524399991228,0.07064464891482257,/Users/yunhwang/Desktop/Stethoscope_Project/Audio shared/Hospital sound_raw segmented into 10 sec/WEBSS004_segmented into 10sec/WEBSS-004 TP1_seg-6_50s-60s.wav,WEBSS-004 TP1_seg-6_50s-60s.wav
0.08991261,0.006892097643769968,9.180920975992565e-06,11.848474497030134,-0.9212374543706663,/Users/yunhwang/Desktop/Stethoscope_Project/Audio shared/Hospital sound_raw segmented into 10 sec/WEBSS004_segmented into 10sec/WEBSS-004 TP5_seg-3_20s-30s.wav,WEBSS-004 TP5_seg-3_20s-30s.wav
0.08366984,0.009257063698083066,3.364431611812976e-06,24.919113756527178,-0.6436131130808094,/Users/yunhwang/Desktop/Stethoscope_Project/Audio shared/Hospital sound_raw segmented into 10 sec/WEBSS004_segmented into 10sec/WEBSS-004 TP4_seg-2_10s-20s.wav,WEBSS-004 TP4_seg-2_10s-20s.wav
0.112654455,0.014807412790697675,1.455029366065775e-05,16.3745377916757,-1.0572496908468116,/Users/yunhwang/Desktop/Stethoscope_Project/Audio shared/Hospital sound_raw segmented into 10 sec/WEBSS004_segmented into 10sec/WEBSS-004 TP3_seg-13_120s-121.35s.wav,WEBSS-004 TP3_seg-13_120s-121.35s.wav
0.09442262,0.007843700079872205,3.244591478983056e-06,11.028147908858728,-0.7145813279678843,/Users/yunhwang/Desktop/Stethoscope_Project/Audio shared/Hospital sound_raw segmented into 10 sec/WEBSS004_segmented into 10sec/WEBSS-004 TP2_seg-5_40s-50s.wav,WEBSS-004 TP2_seg-5_40s-50s.wav
0.0960005,0.00620725589057508,7.857339982228586e-05,10.836000990314735,-0.6063924749775524,/Users/yunhwang/Desktop/Stethoscope_Project/Audio shared/Hospital sound_raw segmented into 10 sec/WEBSS004_segmented into 10sec/WEBSS-004 TP5_seg-7_60s-70s.wav,WEBSS-004 TP5_seg-7_60s-70s.wav
0.09848054,0.011349029053514377,6.020487265439002e-06,11.796137750478474,-0.5691652273098204,/Users/yunhwang/Desktop/Stethoscope_Project/Audio shared/Hospital sound_raw segmented into 10 sec/WEBSS004_segmented into 10sec/WEBSS-004 TP4_seg-6_50s-60s.wav,WEBSS-004 TP4_seg-6_50s-60s.wav
0.10666225,0.019136568989616614,1.5660246446126943e-05,6.373123232652038,-0.2815489810408111,/Users/yunhwang/Desktop/Stethoscope_Project/Audio shared/Hospital sound_raw segmented into 10 sec/WEBSS004_segmented into 10sec/WEBSS-004 TP1_seg-2_10s-20s.wav,WEBSS-004 TP1_seg-2_10s-20s.wav
0.0884578,0.008241501098242811,6.302064656189542e-05,13.024477278130409,-1.0171344818493984,/Users/yunhwang/Desktop/Stethoscope_Project/Audio shared/Hospital sound_raw segmented into 10 sec/WEBSS004_segmented into 10sec/WEBSS-004 TP2_seg-1_0s-10s.wav,WEBSS-004 TP2_seg-1_0s-10s.wav
0.08928857,0.008729782348242811,5.443642855269505e-06,13.70694248239387,-0.7461081287298653,/Users/yunhwang/Desktop/Stethoscope_Project/Audio shared/Hospital sound_raw segmented into 10 sec/WEBSS004_segmented into 10sec/WEBSS-004 TP4_seg-4_30s-40s.wav,WEBSS-004 TP4_seg-4_30s-40s.wav
0.123616666,0.00760501946884984,1.138294263226412e-05,8.83228750076268,-0.8893527239726489,/Users/yunhwang/Desktop/Stethoscope_Project/Audio shared/Hospital sound_raw segmented into 10 sec/WEBSS004_segmented into 10sec/WEBSS-004 TP2_seg-8_70s-80s.wav,WEBSS-004 TP2_seg-8_70s-80s.wav
0.070712216,0.010924707967252397,4.30581645348018e-05,17.034889036260605,-0.33702083930642834,/Users/yunhwang/Desktop/Stethoscope_Project/Audio shared/Hospital sound_raw segmented into 10 sec/WEBSS004_segmented into 10sec/WEBSS-004 TP1_seg-4_30s-40s.wav,WEBSS-004 TP1_seg-4_30s-40s.wav
0.106157176,0.009506664337060704,7.689062723114756e-05,10.930993602455747,0.3548447589989992,/Users/yunhwang/Desktop/Stethoscope_Project/Audio shared/Hospital sound_raw segmented into 10 sec/WEBSS004_segmented into 10sec/WEBSS-004 TP5_seg-1_0s-10s.wav,WEBSS-004 TP5_seg-1_0s-10s.wav
0.108161606,0.0064537365215654955,2.823071586710975e-06,9.942809717441447,-0.8331745382585141,/Users/yunhwang/Desktop/Stethoscope_Project/Audio shared/Hospital sound_raw segmented into 10 sec/WEBSS004_segmented into 10sec/WEBSS-004 TP5_seg-4_30s-40s.wav,WEBSS-004 TP5_seg-4_30s-40s.wav
0.102839634,0.010227386182108627,7.092270259980999e-05,12.10042251041912,-0.9088095292314798,/Users/yunhwang/Desktop/Stethoscope_Project/Audio shared/Hospital sound_raw segmented into 10 sec/WEBSS004_segmented into 10sec/WEBSS-004 TP3_seg-8_70s-80s.wav,WEBSS-004 TP3_seg-8_70s-80s.wav
0.040653553,0.009370943989616614,2.801363818940436e-05,11.720480446617865,-0.10782493026227713,/Users/yunhwang/Desktop/Stethoscope_Project/Audio shared/Hospital sound_raw segmented into 10 sec/WEBSS004_segmented into 10sec/WEBSS-004 TP1_seg-1_0s-10s.wav,WEBSS-004 TP1_seg-1_0s-10s.wav
0.09197356,0.006016935403354633,3.0585644610313565e-05,12.792770114919174,-0.5945425571569365,/Users/yunhwang/Desktop/Stethoscope_Project/Audio shared/Hospital sound_raw segmented into 10 sec/WEBSS004_segmented into 10sec/WEBSS-004 TP5_seg-9_80s-90s.wav,WEBSS-004 TP5_seg-9_80s-90s.wav
0.11095821,0.009189983526357828,2.800932624819937e-05,13.43856688342499,-1.0743787966720757,/Users/yunhwang/Desktop/Stethoscope_Project/Audio shared/Hospital sound_raw segmented into 10 sec/WEBSS004_segmented into 10sec/WEBSS-004 TP3_seg-10_90s-100s.wav,WEBSS-004 TP3_seg-10_90s-100s.wav
0.12090595,0.00927890375399361,6.209564984579825e-05,9.97573341423456,-0.9079875465058495,/Users/yunhwang/Desktop/Stethoscope_Project/Audio shared/Hospital sound_raw segmented into 10 sec/WEBSS004_segmented into 10sec/WEBSS-004 TP3_seg-4_30s-40s.wav,WEBSS-004 TP3_seg-4_30s-40s.wav
0.10555892,0.007544179313099041,1.9620448235911596e-06,12.876063618473037,-1.185039340518962,/Users/yunhwang/Desktop/Stethoscope_Project/Audio shared/Hospital sound_raw segmented into 10 sec/WEBSS004_segmented into 10sec/WEBSS-004 TP4_seg-1_0s-10s.wav,WEBSS-004 TP4_seg-1_0s-10s.wav
0.10939523,0.0063242561900958465,1.635326356019421e-07,12.536609223875345,-0.7486429961140424,/Users/yunhwang/Desktop/Stethoscope_Project/Audio shared/Hospital sound_raw segmented into 10 sec/WEBSS004_segmented into 10sec/WEBSS-004 TP5_seg-8_70s-80s.wav,WEBSS-004 TP5_seg-8_70s-80s.wav
0.09904605,0.010345946485623004,6.954054756736268e-06,12.511342688442316,-0.8224509792515781,/Users/yunhwang/Desktop/Stethoscope_Project/Audio shared/Hospital sound_raw segmented into 10 sec/WEBSS004_segmented into 10sec/WEBSS-004 TP3_seg-9_80s-90s.wav,WEBSS-004 TP3_seg-9_80s-90s.wav
0.10249229,0.007623739516773163,9.95315171175904e-07,10.331258175186251,-0.7982740988468998,/Users/yunhwang/Desktop/Stethoscope_Project/Audio shared/Hospital sound_raw segmented into 10 sec/WEBSS004_segmented into 10sec/WEBSS-004 TP2_seg-4_30s-40s.wav,WEBSS-004 TP2_seg-4_30s-40s.wav
0.102853306,0.009110423322683706,2.0814177613987755e-06,13.3382888223226,-1.122151655567409,/Users/yunhwang/Desktop/Stethoscope_Project/Audio shared/Hospital sound_raw segmented into 10 sec/WEBSS004_segmented into 10sec/WEBSS-004 TP3_seg-12_110s-120s.wav,WEBSS-004 TP3_seg-12_110s-120s.wav
0.121272065,0.009257063698083066,5.1138522934390815e-06,9.099441676925057,-0.8752916608989075,/Users/yunhwang/Desktop/Stethoscope_Project/Audio shared/Hospital sound_raw segmented into 10 sec/WEBSS004_segmented into 10sec/WEBSS-004 TP2_seg-9_80s-90s.wav,WEBSS-004 TP2_seg-9_80s-90s.wav
